藏,书名,题材,朝代,页数,推荐优先级,知名度,理由
史藏,列女传,人物传记,汉,4,高,高,刘向名著，女性故事经典流传广
史藏,郑成功传,人物传记,清,13,高,高,郑成功收台抗清，英雄事迹知名
佛藏,佛说九色鹿经,佛教故事,魏晋南北朝,1,高,高,九色鹿本生，敦煌壁画名故事广为人知
佛藏,佛说九色鹿经,佛教故事,魏晋南北朝,1,高,高,九色鹿本生，敦煌壁画名故事广为人知
佛藏,佛说盂兰盆经,佛教故事,魏晋南北朝,1,高,高,目连救母盂兰盆源头，中元节家喻户晓
佛藏,佛说盂兰盆经,佛教故事,魏晋南北朝,1,高,高,目连救母盂兰盆源头，中元节家喻户晓
佛藏,佛说维摩诘经,佛教故事,魏晋南北朝,3,高,高,维摩诘居士经典，文学影响深远
佛藏,大唐西域记,佛教故事,隋唐,10,高,高,玄奘西域见闻名著故事性强
佛藏,大唐西域记,佛教故事,隋唐,8,高,高,玄奘西域见闻名著故事性强
佛藏,洛阳伽蓝记,佛教故事,魏晋南北朝,2,高,高,记洛阳寺庙掌故名著文学性强
诗藏,元曲选,戏曲剧本,元,133,高,高,臧懋循辑元杂剧精华，名剧荟萃地位极高
诗藏,六十种曲琵琶记,戏曲剧本,元,12,高,高,高明南戏之祖，赵五娘故事地位极高
诗藏,六十种曲西厢记,戏曲剧本,元,9,高,高,王实甫崔张爱情名剧，地位极高广为人知
诗藏,六十种曲还魂记,戏曲剧本,明,15,高,高,即牡丹亭杜丽娘还魂，名剧地位极高
诗藏,关大王独赴单刀会,戏曲剧本,元,3,高,高,关汉卿名剧，关羽单刀赴会脍炙人口
诗藏,桃花扇,戏曲剧本,清,15,高,高,孔尚任名剧，侯李兴亡爱情地位极高
诗藏,牡丹亭,戏曲剧本,明,8,高,高,汤显祖至情名剧，杜丽娘还魂地位极高
诗藏,破幽梦孤雁汉宫秋,戏曲剧本,元,2,高,高,马致远名剧，昭君出塞故事经典
诗藏,窦娥冤,戏曲剧本,元,1,高,高,关汉卿悲剧巅峰，六月飞雪家喻户晓
诗藏,西厢记,戏曲剧本,元,14,高,高,王实甫崔张爱情名剧，地位极高广为人知
诗藏,赵氏孤儿大报仇,戏曲剧本,元,2,高,高,纪君祥悲剧名作，赵氏孤儿故事经典
诗藏,赵盼儿风月救风尘,戏曲剧本,元,2,高,高,关汉卿名剧，妓女智斗故事生动诙谐
诗藏,长生殿,戏曲剧本,清,19,高,高,洪昇名剧，李杨爱情兴亡地位极高
诗藏,雷峰塔,戏曲剧本,清,12,高,高,白蛇传定本，水漫金山故事家喻户晓
史藏,西京杂记,文言小说,魏晋南北朝,3,高,高,记西汉宫廷轶事，名著故事生动
子藏,剪灯新话,文言小说,明,5,高,高,明代文言传奇名作，影响东亚深远
子藏,太平广记,文言小说,宋,228,高,高,古小说总集，志怪传奇宝库地位极高
子藏,太平广记,文言小说,宋,323,高,高,古小说总集，志怪传奇宝库地位极高
子藏,子不语,文言小说,清,46,高,高,袁枚志怪名作，故事诙谐知名度高
子藏,李娃传,文言小说,隋唐,1,高,高,唐传奇名篇，爱情故事经典动人
子藏,虬髯客传,文言小说,隋唐,1,高,高,唐传奇豪侠经典，风尘三侠故事脍炙人口
集藏,唐传奇选辑,文言小说,隋唐,3,高,高,唐传奇精选，文言小说巅峰
集藏,聊斋志异,文言小说,清,40,高,高,文言志怪巅峰，必译经典
史藏,山海经,神话寓言,先秦,9,高,高,上古神话总汇，奇幻名著流传极广
子藏,山海经,神话寓言,先秦,9,高,高,上古神话地理奇书，影响深远知名度极高
道藏,山海经,神话寓言,先秦,15,高,高,上古神话总集，奇想丰富大众熟知
集藏,三侠五义,章回小说,清,24,高,高,侠义公案经典，包公展昭家喻户晓
集藏,三国志通俗演义嘉靖壬午本,章回小说,明,88,高,高,三国演义最早刊本，地位极高
集藏,三国演义,章回小说,明,40,高,高,四大名著，家喻户晓必译
集藏,东周列国志,章回小说,清,146,高,高,列国历史演义经典，流传广泛
集藏,二十年目睹之怪现状,章回小说,清,33,高,高,晚清四大谴责小说之一
集藏,儒林外史,章回小说,清,14,高,高,讽刺小说巅峰，文学地位极高
集藏,儿女英雄传,章回小说,清,28,高,高,侠义言情经典，十三妹深入人心
集藏,孽海花,章回小说,清,6,高,高,晚清四大谴责小说之一
集藏,官场现行记,章回小说,清,22,高,高,晚清四大谴责小说之一
集藏,封神演义,章回小说,明,56,高,高,神魔小说经典，封神题材家喻户晓
集藏,杨乃武与小白菜,章回小说,清,8,高,高,清末四大奇案，家喻户晓故事强
集藏,杨家将传,章回小说,明,11,高,高,杨家将忠勇故事流传极广
集藏,水浒传,章回小说,明,50,高,高,四大名著，故事经典必译
集藏,江湖奇侠传,章回小说,民国,28,高,高,平江不肖生武侠名作，影响大
集藏,济公全传,章回小说,清,12,高,高,济公故事家喻户晓趣味十足
集藏,牛郎织女传,章回小说,明,3,高,高,牛郎织女传说家喻户晓
集藏,狄公案,章回小说,清,6,高,高,狄仁杰公案，因高罗佩广为人知
集藏,红楼梦,章回小说,清,31,高,高,四大名著之首，必译经典
集藏,老残游记,章回小说,清,6,高,高,晚清四大谴责小说，文笔佳
集藏,脂砚斋全评石头记,章回小说,清,29,高,高,红楼脂评本，研究价值极高
集藏,薛丁山征西,章回小说,清,12,高,高,薛家将征西故事流传广
集藏,薛仁贵征东,章回小说,清,11,高,高,薛仁贵征东家喻户晓
集藏,西游记,章回小说,明,34,高,高,四大名著，必译经典
集藏,说唐,章回小说,清,10,高,高,说唐英雄故事流传极广
集藏,说岳全传,章回小说,清,29,高,高,岳飞演义，家喻户晓爱国题材
集藏,金圣叹批评本水浒传,章回小说,明,29,高,高,金批水浒经典，必读评本
集藏,金瓶梅,章回小说,明,34,高,高,世情小说巅峰，文学地位极高
集藏,金瓶梅词话万历本,章回小说,明,72,高,高,金瓶梅词话本，最重要版本
集藏,镜花缘,章回小说,清,32,高,高,清代奇幻名著，想象瑰丽
集藏,隋唐演义,章回小说,清,37,高,高,隋唐英雄演义经典，流传广
集藏,雷峰塔奇传,章回小说,清,4,高,高,白蛇传题材，家喻户晓
史藏,博物志,笔记小说,魏晋南北朝,6,高,高,张华名著，博物志怪流传甚广
史藏,大唐西域记,笔记小说,隋唐,28,高,高,玄奘西行实录，西游记原型名著
史藏,徐霞客游记,笔记小说,明,13,高,高,徐霞客探险游记，地理名著流传广
史藏,晏子春秋,笔记小说,先秦,8,高,高,晏子谏言故事经典，机智流传广
子藏,世说新语,笔记小说,魏晋南北朝,11,高,高,志人笔记典范，名段众多影响深远
子藏,搜神记,笔记小说,魏晋南北朝,6,高,高,志怪小说鼻祖，名篇众多知名度极高
子藏,酉阳杂俎,笔记小说,隋唐,13,高,高,段成式奇书博物志怪，包罗万象趣味浓
子藏,阅微草堂笔记,笔记小说,清,26,高,高,纪昀志怪名著，故事隽永地位极高
道藏,搜神记,笔记小说,魏晋南北朝,6,高,高,志怪小说鼻祖，故事生动地位高
集藏,笑林广记,笔记小说,清,26,高,高,经典笑话集，流传极广
集藏,二刻拍案惊奇,话本拟话本,明,22,高,高,二拍之一，凌濛初拟话本经典
集藏,今古奇观,话本拟话本,明,37,高,高,三言二拍精选集，流传最广
集藏,初刻拍案惊奇,话本拟话本,明,18,高,高,二拍之一，凌濛初拟话本经典
集藏,包公案,话本拟话本,明,35,高,高,包公断案故事集，家喻户晓
集藏,喻世明言,话本拟话本,明,73,高,高,三言之一，冯梦龙白话经典
集藏,警世通言,话本拟话本,明,37,高,高,三言之一，白话短篇经典
集藏,醒世恒言,话本拟话本,明,32,高,高,三言之一，白话短篇经典
集藏,龙图公案,话本拟话本,明,8,高,高,包公断案公案名作流传广故事性强
史藏,古列女传,人物传记,汉,6,高,中,刘向列女故事经典，可读性强
史藏,唐才子传,人物传记,元,6,高,中,辛文房记唐诗人，传记生动可读
佛藏,佛所行赞,佛教故事,魏晋南北朝,48,高,中,马鸣所撰佛传长诗，文学地位高
佛藏,佛所行赞经,佛教故事,魏晋南北朝,47,高,中,马鸣所撰佛传长诗，文学地位高
佛藏,佛本行经,佛教故事,魏晋南北朝,53,高,中,完整佛传叙事，篇幅宏大可读性强
佛藏,佛本行经,佛教故事,魏晋南北朝,54,高,中,完整佛传叙事，篇幅宏大可读性强
佛藏,佛本行集经,佛教故事,隋唐,59,高,中,最详佛传集成，叙事丰富
佛藏,佛本行集经,佛教故事,隋唐,70,高,中,最详佛传集成，叙事丰富
佛藏,佛说普曜经,佛教故事,魏晋南北朝,20,高,中,佛传神变叙事详备，可读性强
佛藏,佛说睒子经,佛教故事,魏晋南北朝,1,高,中,睒子至孝本生，壁画戏曲流传广
佛藏,佛说睒子经,佛教故事,魏晋南北朝,1,高,中,睒子至孝本生，壁画戏曲流传广
佛藏,佛说菩萨投身饴饿虎起塔因缘经,佛教故事,魏晋南北朝,1,高,中,萨埵舍身饲虎本生，名故事流传广
佛藏,佛说菩萨睒子经,佛教故事,魏晋南北朝,1,高,中,睒子至孝本生异本，流传广
佛藏,佛说鬼子母经,佛教故事,魏晋南北朝,1,高,中,鬼子母失子故事，民俗信仰流传广
佛藏,佛说鬼子母经,佛教故事,魏晋南北朝,1,高,中,鬼子母失子故事，民俗信仰流传广
佛藏,大唐大慈恩寺三藏法师传,佛教故事,隋唐,3,高,中,玄奘传记取经原型故事性强
佛藏,大慈恩寺三藏法师传,佛教故事,隋唐,2,高,中,玄奘传记取经原型故事性强
佛藏,大慈恩寺三藏法师传,佛教故事,隋唐,2,高,中,玄奘传记取经原型故事性强
佛藏,大目乾连冥间救母变文并图,佛教故事,隋唐,5,高,中,目连救母变文戏曲源头故事性强
佛藏,敦煌变文集新书,佛教故事,隋唐,48,高,中,敦煌变文俗文学源头故事性强
佛藏,法显传,佛教故事,魏晋南北朝,1,高,中,法显西行佛国记游记名著故事性强
佛藏,法显传,佛教故事,魏晋南北朝,1,高,中,法显西行佛国记游记名著故事性强
佛藏,法苑珠林,佛教故事,隋唐,161,高,中,佛教类书故事感应荟萃可读性强
佛藏,百喻经,佛教故事,魏晋南北朝,3,高,中,譬喻寓言诙谐易读大众性强
佛藏,百喻经,佛教故事,魏晋南北朝,5,高,中,譬喻寓言诙谐易读大众性强
诗藏,全元曲,戏曲剧本,元,532,高,中,元曲总集卷帙浩繁，文学价值高但庞大
诗藏,全元曲戏文,戏曲剧本,元,96,高,中,元代戏文全集，戏曲源头价值高但偏专
诗藏,全元曲杂剧,戏曲剧本,元,296,高,中,元杂剧全集，名剧汇编价值高但浩繁
诗藏,六十种曲南柯记,戏曲剧本,明,11,高,中,汤显祖临川四梦之一，名剧梦幻寓意深
诗藏,六十种曲幽闺记,戏曲剧本,元,9,高,中,拜月亭名剧，乱世爱情故事经典
诗藏,六十种曲杀狗记,戏曲剧本,明,17,高,中,四大南戏之一，劝善家庭剧地位高
诗藏,六十种曲浣纱记,戏曲剧本,明,11,高,中,西施范蠡名剧，吴越春秋故事经典
诗藏,六十种曲狮吼记,戏曲剧本,明,12,高,中,陈季常惧内名剧，河东狮吼诙谐知名
诗藏,六十种曲玉簪记,戏曲剧本,明,8,高,中,陈妙常潘必正名剧，道姑爱情故事佳
诗藏,六十种曲白兔记,戏曲剧本,元,10,高,中,四大南戏之一，刘知远传奇故事经典
诗藏,六十种曲紫钗记,戏曲剧本,明,15,高,中,汤显祖临川四梦之一，霍小玉故事佳
诗藏,六十种曲红拂记,戏曲剧本,明,7,高,中,红拂虬髯客名剧，风尘三侠故事经典
诗藏,六十种曲绣襦记,戏曲剧本,明,10,高,中,李娃传改编名剧，妓女书生故事经典
诗藏,六十种曲荆钗记,戏曲剧本,元,11,高,中,四大南戏之一，王十朋钱玉莲故事经典
诗藏,六十种曲邯郸记,戏曲剧本,明,8,高,中,汤显祖临川四梦之一，黄粱梦寓意深
诗藏,六十种曲青衫记,戏曲剧本,明,6,高,中,白居易琵琶行改编，江州司马故事知名
诗藏,六十种曲鸣凤记,戏曲剧本,明,11,高,中,写严嵩奸党时事名剧，忠奸斗争故事佳
诗藏,娇红记,戏曲剧本,明,14,高,中,孟称舜爱情悲剧名作，殉情故事感人
诗藏,幽闺记,戏曲剧本,元,10,高,中,即拜月亭，乱世爱情名剧故事经典
诗藏,张协状元,戏曲剧本,宋,7,高,中,现存最早南戏，负心题材戏曲史价值高
诗藏,梁山泊同窗琴书记,戏曲剧本,明,14,高,中,梁祝故事传奇，化蝶传说广为人知
诗藏,清忠谱,戏曲剧本,清,6,高,中,李玉写五人墓时事名剧，市民抗暴故事佳
诗藏,白朴元曲集,戏曲剧本,元,1,高,中,白朴含梧桐雨等名剧，元曲大家但篇集
诗藏,盛明杂剧初集二集,戏曲剧本,明,92,高,中,明杂剧名作总集，文学价值高但庞大
诗藏,精忠旗,戏曲剧本,明,7,高,中,岳飞精忠故事名剧，忠奸题材感人
诗藏,荆釵记,戏曲剧本,元,11,高,中,四大南戏之一，王十朋故事经典重收
史藏,大业拾遗记,文言小说,隋唐,1,高,中,记隋炀帝荒淫，宫闱传奇生动
史藏,燕丹子,文言小说,汉,1,高,中,记荆轲刺秦前传，复仇传奇生动
史藏,裴子语林,文言小说,魏晋南北朝,4,高,中,裴启志人小说，世说先驱逸闻可读
子藏,剪灯余话,文言小说,明,23,高,中,仿剪灯新话传奇集，言情志怪可读性高
子藏,博物志,文言小说,魏晋南北朝,6,高,中,张华博物奇书，神话异闻流传广
子藏,夷坚志,文言小说,宋,21,高,中,洪迈志怪巨编，故事繁富地位高
子藏,夷坚志全集,文言小说,宋,36,高,中,洪迈志怪全集，故事繁富地位高
子藏,杨太真外传,文言小说,宋,1,高,中,杨贵妃传奇故事，题材知名动人
子藏,柳氏传,文言小说,隋唐,1,高,中,唐传奇名篇，章台柳爱情故事动人
子藏,游仙窟,文言小说,隋唐,3,高,中,张鷟唐传奇，骈俪艳情独具特色
子藏,虞初新志,文言小说,清,15,高,中,张潮辑明清传奇小品，名篇荟萃故事佳
子藏,飞燕外传,文言小说,汉,1,高,中,赵飞燕宫闱艳传，香艳故事流传久远
子藏,骗经,文言小说,明,11,高,中,张应俞杜骗新书，市井骗术故事生动
集藏,古小说钩沉,文言小说,民国,16,高,中,鲁迅辑佚古小说，文献价值高
集藏,淞隐漫录,文言小说,清,41,高,中,王韬仿聊斋名作，文言佳构
史藏,穆天子传,神话寓言,先秦,1,高,中,周穆王西游会西王母，神话名篇
子藏,穆天子传,神话寓言,先秦,1,高,中,先秦穆王西游神话，奇书地位高故事奇
子藏,艾子杂说,神话寓言,宋,1,高,中,托名东坡的寓言笑话集，诙谐有趣
道藏,北游记,章回小说,明,3,高,中,四游记之一，真武故事可读性强
道藏,南游记,章回小说,明,2,高,中,四游记之一，华光故事可读性强
集藏,何典,章回小说,清,7,高,中,鬼话讽刺奇书，语言诙谐独特
集藏,再生缘,章回小说,清,164,高,中,弹词名著，孟丽君故事文学价值高
集藏,大宋中兴通俗演义岳王传,章回小说,明,22,高,中,岳飞传演义，民族英雄题材
集藏,平山冷燕,章回小说,清,11,高,中,四才子书之一，才子佳人代表
集藏,文明小史,章回小说,清,11,高,中,李伯元谴责小说，反映时代
集藏,施公案,章回小说,清,60,高,中,经典公案侠义小说，故事性强可读
集藏,木兰奇女传,章回小说,清,8,高,中,花木兰题材家喻户晓有吸引力
集藏,杨家府世代忠勇通俗演义,章回小说,明,11,高,中,杨家将系统演义，故事性强
集藏,歧路灯,章回小说,清,41,高,中,清代教育世情名著，叙事扎实
集藏,水浒古本,章回小说,明,21,高,中,水浒古本系统，价值高
集藏,水浒后传,章回小说,清,10,高,中,水浒续书中佳作，故事连贯
集藏,济颠大师醉菩提全传,章回小说,明,15,高,中,济公早期全传，故事生动
集藏,简本水浒传水浒忠义志传,章回小说,明,50,高,中,水浒简本系统，文献价值高
集藏,绿牡丹,章回小说,清,12,高,中,经典侠义小说，故事性强
集藏,绿野仙踪,章回小说,清,41,高,中,清代神魔世情名著，叙事丰富
集藏,老残游记续集,章回小说,清,4,高,中,老残游记续篇，文笔延续
集藏,英烈传,章回小说,明,11,高,中,朱元璋开国演义，故事性强
集藏,荡寇志,章回小说,清,22,高,中,水浒著名续书，结构完整
集藏,薛刚反唐,章回小说,清,10,高,中,薛家将反唐故事流传广
集藏,西游记传,章回小说,明,6,高,中,西游记早期简本，文献价值高
集藏,西游记百回详注,章回小说,明,18,高,中,西游记详注本，研读价值
集藏,西游记补,章回小说,明,30,高,中,西游著名续书，想象奇绝
集藏,说唐三传,章回小说,清,16,高,中,说唐系列薛家将，故事性强
集藏,说唐后传,章回小说,清,15,高,中,说唐后传罗通，故事流传广
集藏,醒世姻缘传,章回小说,清,41,高,中,清代世情名著，写实生动
儒藏,新序,笔记小说,汉,3,高,中,刘向历史故事集说理生动可读性强
儒藏,说苑,笔记小说,汉,8,高,中,刘向历史轶事集故事生动可读性强
史藏,万历野获编,笔记小说,明,86,高,中,明代掌故笔记内容丰富可读性强
史藏,佛国记,笔记小说,魏晋南北朝,2,高,中,法显西行求法记，名著兼游记可读
史藏,北梦琐言,笔记小说,五代,5,高,中,孙光宪名著，晚唐五代逸事生动
史藏,北里志,笔记小说,隋唐,1,高,中,孙棨记长安平康妓事，名作有趣味
史藏,南村辍耕录,笔记小说,元,16,高,中,陶宗仪名著，元代社会百态丰富
史藏,安禄山事迹,笔记小说,隋唐,5,高,中,记安禄山始末，安史之乱题材强
史藏,开元天宝遗事,笔记小说,五代,5,高,中,记唐玄宗盛世逸事，宫廷故事生动
史藏,归田录,笔记小说,宋,3,高,中,欧阳修记朝野轶事，名家笔记可读
史藏,影梅庵忆语,笔记小说,清,1,高,中,冒襄忆董小宛，深情忆语名篇
史藏,扬州画舫录,笔记小说,清,34,高,中,李斗记扬州繁华，风物名著可读
史藏,朝野佥载,笔记小说,隋唐,11,高,中,张鷟记唐代朝野怪谈，趣味生动
史藏,癸辛杂识,笔记小说,宋,11,高,中,周密记宋末元初见闻，内容生动丰富
史藏,陶庵梦忆,笔记小说,明,5,高,中,张岱小品名作，文笔优美富生活情趣
子藏,东坡志林,笔记小说,宋,11,高,中,苏轼随笔小品，机趣横生可读性高
子藏,启颜录,笔记小说,隋唐,2,高,中,古代笑话集，诙谐通俗易读
子藏,夜航船,笔记小说,明,115,高,中,张岱百科式趣谈，知识掌故妙趣横生
子藏,幽明录,笔记小说,魏晋南北朝,3,高,中,刘义庆志怪要籍，名篇多地位高
子藏,开元天宝遗事,笔记小说,五代,4,高,中,唐玄宗朝逸事，掌故知名传播广
子藏,情史,笔记小说,明,74,高,中,冯梦龙情爱故事总集，题材广可读性高
子藏,拾遗记,笔记小说,魏晋南北朝,4,高,中,王嘉志怪名著，神异瑰丽流传广
子藏,搜神后记,笔记小说,魏晋南北朝,2,高,中,续搜神记志怪集，名篇多地位高
子藏,智囊全集,笔记小说,明,10,高,中,冯梦龙智谋故事集，实用有趣传播广
子藏,板桥杂记,笔记小说,清,3,高,中,余怀记秦淮名妓风月，文美知名
子藏,玄怪录,笔记小说,隋唐,5,高,中,牛僧孺唐传奇集，志怪名篇地位高
子藏,续子不语,笔记小说,清,14,高,中,袁枚志怪续编，故事生动延续名作
子藏,续齐谐记,笔记小说,魏晋南北朝,1,高,中,六朝志怪含牛郎织女等名篇，故事经典
子藏,西京杂记,笔记小说,魏晋南北朝,3,高,中,汉宫遗事含昭君故事，掌故经典可读
子藏,述异记,笔记小说,魏晋南北朝,1,高,中,任昉志怪含盘古等神话，奇闻经典
集藏,笑典,笔记小说,历代汇编,39,高,中,历代笑话汇编，趣味强易读
集藏,笑林,笔记小说,魏晋南北朝,1,高,中,最早笑话专集，文学史地位高
儒藏,杜骗新书,话本拟话本,明,9,高,中,明代骗术案例集题材新奇可读性强
史藏,大宋宣和遗事,话本拟话本,宋,6,高,中,水浒源头话本，梁山故事可读
史藏,醉翁谈录,话本拟话本,宋,3,高,中,罗烨记宋代话本及艳情故事，可读
子藏,西湖佳话,话本拟话本,清,10,高,中,西湖名人故事话本，白蛇苏小等故事佳
诗藏,大唐三藏取经诗话,话本拟话本,宋,3,高,中,西游记雏形，取经故事源头价值高
集藏,三国志平话,话本拟话本,元,13,高,中,三国演义祖本，讲史价值高
集藏,包公案之百家公案,话本拟话本,明,17,高,中,包公案早期版本，公案经典
集藏,十二楼,话本拟话本,清,21,高,中,李渔拟话本，构思精巧可读性强
集藏,峥霄馆评定通俗演义型世言,话本拟话本,明,32,高,中,型世言明代拟话本，新发现价值高
集藏,敦煌变文选,话本拟话本,隋唐,16,高,中,敦煌变文，白话文学源头价值高
集藏,无声戏,话本拟话本,清,8,高,中,李渔白话短篇集，机智好读
集藏,清平山堂话本,话本拟话本,明,28,高,中,现存最早话本集，价值极高
集藏,石点头,话本拟话本,明,11,高,中,明代拟话本名集，故事可读
集藏,碾玉观音话本,话本拟话本,宋,2,高,中,宋话本经典名篇，文学史地位高
集藏,豆棚闲话,话本拟话本,清,4,高,中,清代拟话本佳构，结构新颖
集藏,连城壁,话本拟话本,清,15,高,中,李渔白话短篇集，机智好读
史藏,古今列女传,人物传记,明,3,中,中,明编列女故事，承刘向传统
史藏,吴耿尚孔四王全传,人物传记,清,2,中,中,三藩等降王传，史事有戏剧性
史藏,嘉靖以来首辅传,人物传记,明,2,中,中,王世贞记明朝首辅，政争有看点
史藏,奴才小史,人物传记,民国,3,中,中,讽刺历代权奸佞臣，有话题性
史藏,宋名臣言行录,人物传记,宋,51,中,中,朱熹辑名臣言行，故事性尚可
史藏,轩辕黄帝传,人物传记,宋,2,中,中,记黄帝神话事迹，始祖传说有趣
史藏,高士传,人物传记,魏晋南北朝,4,中,中,古隐士传记，雅致但偏小众
道藏,列仙传,人物传记,汉,3,中,中,古老仙传有趣味，但偏专门
道藏,列仙传,人物传记,汉,4,中,中,古老仙传有趣味，但偏专门
道藏,吕祖全传,人物传记,清,10,中,中,吕洞宾知名度高，但宗教色彩浓
道藏,墉城集仙录,人物传记,隋唐,3,中,中,女仙传记汇编，杜光庭撰有趣味
道藏,神仙传,人物传记,魏晋南北朝,4,中,中,葛洪仙传，故事有趣偏专门
道藏,长春真人西游记,人物传记,元,1,中,中,丘处机西行实录，史料有趣味偏专门
集藏,全相二十四孝诗选,人物传记,元,3,中,中,二十四孝题材，知名度高说教味重
佛藏,二十四尊得道罗汉传,佛教故事,明,7,中,中,罗汉故事有民俗趣味，知名度中等
佛藏,佛说九鹿经,佛教故事,魏晋南北朝,1,中,中,九鹿本生异本，故事性强
佛藏,佛说地藏菩萨发心因缘十王经,佛教故事,隋唐,1,中,中,十王地狱说，影响民俗信仰
佛藏,佛说弥勒下生成佛经,佛教故事,隋唐,1,中,中,弥勒下生说，民俗信仰有名
佛藏,佛说弥勒下生成佛经-唐-义净,佛教故事,隋唐,3,中,中,弥勒下生说，民俗信仰有名
佛藏,佛说弥勒下生经,佛教故事,魏晋南北朝,1,中,中,弥勒下生说，民俗信仰有名
佛藏,佛说弥勒大成佛经,佛教故事,魏晋南北朝,2,中,中,弥勒成佛说，信仰知名度中
佛藏,佛说报恩奉盆经,佛教故事,魏晋南北朝,1,中,中,盂兰盆相关，关联中元民俗
佛藏,佛说摩邓女经,佛教故事,魏晋南北朝,1,中,中,摩登伽女恋阿难，故事性强较知名
佛藏,佛说箭喻经,佛教故事,魏晋南北朝,1,中,中,毒箭喻著名譬喻，思想性强
佛藏,佛说箭喻经,佛教故事,魏晋南北朝,1,中,中,毒箭喻著名譬喻，思想性强
佛藏,佛说譬喻经,佛教故事,隋唐,1,中,中,安世高系譬喻，有寓言可读性
佛藏,佛说譬喻经,佛教故事,隋唐,1,中,中,安世高系譬喻，有寓言可读性
佛藏,佛说阎罗王五天使者经,佛教故事,魏晋南北朝,1,中,中,阎罗五天使说，影响地狱观念
佛藏,佛说阎罗王五天使者经,佛教故事,魏晋南北朝,1,中,中,阎罗五天使说，影响地狱观念
佛藏,佛说鸯崛髻经,佛教故事,魏晋南北朝,1,中,中,央掘魔罗弃恶向善，故事性强
佛藏,佛说鸯崛髻经,佛教故事,魏晋南北朝,1,中,中,央掘魔罗弃恶向善，故事性强
佛藏,佛说鸯掘摩经,佛教故事,魏晋南北朝,1,中,中,央掘魔罗弃恶向善异本，故事性强
佛藏,佛说鸯掘摩经,佛教故事,魏晋南北朝,1,中,中,央掘魔罗弃恶向善异本，故事性强
佛藏,佛说鹿母经,佛教故事,魏晋南北朝,1,中,中,鹿母舍命护子本生，有感人情节
佛藏,佛说鹿母经,佛教故事,魏晋南北朝,2,中,中,鹿母舍命护子本生，有感人情节
佛藏,入唐求法巡礼行记,佛教故事,隋唐,9,中,中,圆仁求法日记有史料价值偏专门
佛藏,南海观音菩萨出身修行传,佛教故事,明,5,中,中,观音传说有故事性民间流传广
佛藏,定应大师布袋和尚传,佛教故事,宋,1,中,中,布袋和尚即弥勒民间知名度高
佛藏,达摩出身传灯传,佛教故事,明,6,中,中,达摩传说民间知名度较高
佛藏,达摩宝传,佛教故事,明,10,中,中,达摩传说民间知名度较高
佛藏,高僧传,佛教故事,魏晋南北朝,12,中,中,梁慧皎高僧传史料经典但偏专门
佛藏,高僧传,佛教故事,魏晋南北朝,8,中,中,梁慧皎高僧传史料经典但偏专门
史藏,高僧传,佛教故事,魏晋南北朝,9,中,中,名僧传记集，文化价值高但说教偏重
诗藏,六十种曲义侠记,戏曲剧本,明,15,中,中,武松故事传奇，借水浒名气但偏专
诗藏,六十种曲水浒记,戏曲剧本,明,14,中,中,阎婆惜故事传奇，借水浒名气但偏专
诗藏,六十种曲焚香记,戏曲剧本,明,10,中,中,王魁桂英故事传奇，负心题材知名
诗藏,六十种曲琴心记,戏曲剧本,明,11,中,中,司马相如卓文君传奇，私奔故事知名
诗藏,六十种曲精忠记,戏曲剧本,明,8,中,中,岳飞精忠故事传奇，题材知名但偏专
诗藏,六十种曲西厢记-明-崔时佩,戏曲剧本,明,9,中,中,南曲西厢改本，借名剧光环但逊原作
诗藏,弦索西厢,戏曲剧本,明,14,中,中,西厢说唱改本，借名剧但偏曲艺专门
诗藏,新缀白裘,戏曲剧本,清,17,中,中,昆曲折子戏选集，舞台经典但偏专
诗藏,綴白裘,戏曲剧本,清,153,中,中,昆曲折子戏大全，舞台经典但浩繁偏专
诗藏,聊斋俚曲集,戏曲剧本,清,121,中,中,蒲松龄方言唱曲，借聊斋名气但偏曲艺
诗藏,花笺记,戏曲剧本,明,4,中,中,粤调说唱才子书，岭南名作但偏曲艺
诗藏,西游记戏文,戏曲剧本,明,10,中,中,据西游记改编戏文，借名著但偏专
集藏,燕子笺,戏曲剧本,明,2,中,中,阮大铖名剧，戏曲史有名
佛藏,觅灯因话,文言小说,明,2,中,中,剪灯系列志怪传奇有可读性
史藏,博异志,文言小说,隋唐,1,中,中,唐传奇志怪集，神异故事可读
史藏,开河记,文言小说,隋唐,1,中,中,记隋炀帝开运河虐民，传奇有看点
史藏,汉杂事秘辛,文言小说,魏晋南北朝,1,中,中,记汉宫选后秘事，香艳有看点
史藏,汉武帝别国洞冥记,文言小说,魏晋南北朝,1,中,中,郭宪记武帝神异，志怪奇幻可读
史藏,河东记,文言小说,隋唐,2,中,中,唐传奇志怪集，神异故事可读
史藏,绛云楼俊遇,文言小说,清,1,中,中,记钱谦益柳如是情事，香艳有看点
史藏,赵后遗事,文言小说,宋,1,中,中,记赵飞燕姐妹宫闱秘事，香艳可读
史藏,还冤记,文言小说,魏晋南北朝,1,中,中,颜之推记冤报志怪，因果故事可读
子藏,三水小牍,文言小说,隋唐,3,中,中,唐代传奇志怪，有名篇可读性佳
子藏,列异传,文言小说,魏晋南北朝,2,中,中,早期志怪要籍，资料价值高篇幅短
子藏,剧谈录,文言小说,隋唐,2,中,中,唐代轶事传奇，可读性较好
子藏,右台仙馆笔记,文言小说,清,12,中,中,俞樾志怪笔记，可读性较好
子藏,夜谭随录,文言小说,清,17,中,中,仿聊斋志怪集，故事性强可读
子藏,夜雨秋灯录,文言小说,清,5,中,中,仿聊斋志怪集，文笔佳可读性好
子藏,汉武帝内传,文言小说,魏晋南北朝,1,中,中,汉武求仙传奇，神异故事流传广
子藏,汉武故事,文言小说,魏晋南北朝,1,中,中,汉武帝轶事传奇，故事性较强
子藏,炀帝开河记,文言小说,隋唐,1,中,中,隋炀帝开河传奇，故事性较强篇幅短
子藏,炀帝迷楼记,文言小说,隋唐,1,中,中,隋炀帝迷楼传奇，故事性较强篇幅短
子藏,红楼余梦,文言小说,清,1,中,中,红楼续梦短篇，借名著光环但篇短
子藏,绿珠传,文言小说,宋,1,中,中,绿珠坠楼传奇，故事知名但篇极短
子藏,赵飞燕别传,文言小说,宋,1,中,中,飞燕外传别本，宫闱故事知名但篇短
子藏,隋炀帝海山记,文言小说,宋,2,中,中,隋炀帝荒淫故事，宫闱传奇可读
子藏,非烟传,文言小说,隋唐,1,中,中,步非烟殉情传奇，唐传奇名篇但篇短
集藏,剑侠传,文言小说,宋,3,中,中,唐宋剑侠传辑录，武侠源头有趣
集藏,女聊斋志异,文言小说,清,26,中,中,女性志怪故事集，依托聊斋有读者
子藏,天妃显圣录,神话寓言,清,8,中,中,妈祖灵迹故事，民俗信仰流传广
子藏,岭南摭怪,神话寓言,元,3,中,中,越南神话传说集，奇异可读偏小众
子藏,海内十洲记,神话寓言,魏晋南北朝,1,中,中,方士海外仙洲奇述，神话色彩浓
子藏,神异经,神话寓言,魏晋南北朝,1,中,中,仿山海经志异，神话趣味但篇幅极短
道藏,十洲记,神话寓言,汉,1,中,中,古代地理神话，奇想有趣但篇短
道藏,吕祖志,神话寓言,明,8,中,中,吕洞宾仙话，有趣味但偏宗教
道藏,墉城集仙录,神话寓言,隋唐,3,中,中,女仙仙话汇编，有趣味偏专门
道藏,汉武帝内传,神话寓言,魏晋南北朝,2,中,中,汉武求仙故事，奇幻有趣偏短
道藏,玄天上帝启圣录,神话寓言,元,4,中,中,真武灵验故事，有趣味偏宗教
道藏,穆天子传,神话寓言,先秦,1,中,中,周穆王西游传说，古老有趣篇短
道藏,纯阳帝君神化妙通纪,神话寓言,元,4,中,中,吕洞宾神化故事，有趣偏宗教
集藏,雷峰宝卷,神话寓言,清,19,中,中,白蛇宝卷，借白蛇传势有缘
道藏,西游真诠,章回小说,清,19,中,中,西游记金丹评注本，专门偏冷
集藏,七剑十三侠,章回小说,清,23,中,中,清代武侠小说，可读性尚可
集藏,万花楼,章回小说,清,14,中,中,狄青杨家将题材，通俗可读
集藏,三侠剑,章回小说,清,136,中,中,清代长篇武侠，通俗但冗长
集藏,三宝太监西洋记,章回小说,明,64,中,中,郑和下西洋神魔小说，题材有趣
集藏,三遂平妖传,章回小说,明,4,中,中,神魔小说，王则起义题材可读
集藏,东汉演义,章回小说,清,7,中,中,东汉历史演义，通俗可读
集藏,东西晋演义,章回小说,明,35,中,中,两晋历史演义，可读偏小众
集藏,东西汉演义,章回小说,明,17,中,中,两汉历史演义，通俗可读
集藏,九命奇冤,章回小说,清,6,中,中,晚清四大谴责派公案小说之一
集藏,九尾龟,章回小说,清,52,中,中,晚清狭邪小说代表，有知名度
集藏,乾隆游江南,章回小说,清,17,中,中,乾隆下江南民间传说，通俗
集藏,二度梅全传,章回小说,清,13,中,中,梅良玉故事，民间流传通俗
集藏,于少保萃忠全传,章回小说,明,7,中,中,于谦忠臣传，题材正面可读
集藏,五虎平南,章回小说,清,8,中,中,狄青征南续书，通俗武侠
集藏,五虎征西,章回小说,清,33,中,中,狄青征西题材，通俗武侠
集藏,八仙得道,章回小说,民国,16,中,中,八仙故事，民间熟知通俗
集藏,刘公案,章回小说,清,10,中,中,刘墉公案小说，民间通俗
集藏,刘墉传奇,章回小说,清,23,中,中,刘罗锅传奇，民间熟知通俗
集藏,南北史演义,章回小说,民国,22,中,中,蔡东藩历史演义，通俗可读
集藏,反唐演义全传,章回小说,清,10,中,中,薛刚反唐题材，民间通俗
集藏,后水浒传,章回小说,清,11,中,中,水浒续书，依托名著有读者
集藏,后红楼梦,章回小说,清,17,中,中,红楼续书，依托名著有读者
集藏,后西游记,章回小说,清,20,中,中,西游续书，依托名著有读者
集藏,吴三桂演义,章回小说,清,11,中,中,吴三桂历史演义，题材有知名度
集藏,呼家将,章回小说,清,27,中,中,呼延庆杨家将题材，民间通俗
集藏,唐三藏西游厄释传,章回小说,明,10,中,中,西游记简本，依托名著有价值
集藏,唐祝文周四杰传,章回小说,民国,26,中,中,江南四大才子题材，通俗有趣
集藏,唐钟馗全传,章回小说,明,4,中,中,钟馗捉鬼题材，民间熟知
集藏,四游记,章回小说,明,12,中,中,东南西北游记合集，神魔通俗
集藏,天妃娘妈传,章回小说,明,5,中,中,妈祖故事，沿海信仰有知名度
集藏,女仙外史,章回小说,清,38,中,中,唐赛儿起义神魔小说，题材有趣
集藏,好逑传,章回小说,清,8,中,中,才子佳人名作，曾译介海外
集藏,姑妄言,章回小说,清,34,中,中,清代世情奇书，篇幅大偏色情
集藏,小五义,章回小说,清,32,中,中,三侠五义续书，侠义通俗
集藏,康熙侠义传,章回小说,清,146,中,中,即施公案续，黄天霸侠义通俗
集藏,开辟演义,章回小说,明,8,中,中,开天辟地神话演义，题材有趣
集藏,张文祥刺马案,章回小说,清,7,中,中,刺马案题材，民间熟知有戏剧性
集藏,彭公案,章回小说,清,50,中,中,彭朋公案侠义小说，通俗流传
集藏,恨海,章回小说,清,7,中,中,吴趼人苦情小说，有文学地位
集藏,斩鬼传,章回小说,清,5,中,中,钟馗斩鬼讽刺小说，诙谐有趣
集藏,断鸿零雁记,章回小说,民国,6,中,中,苏曼殊言情名作，有文学地位
集藏,新石头记,章回小说,清,10,中,中,晚清科幻续红楼，新奇但偏小众
集藏,新镌绣像麴头陀济颠全传,章回小说,明,16,中,中,济公题材有趣味，但版本繁杂偏小众
集藏,明代宫闱史,章回小说,民国,45,中,中,宫闱演义有八卦看点，质量一般
集藏,春秋列国志传,章回小说,明,62,中,中,列国故事早期演义，叙事略粗
集藏,昭君艳史演义,章回小说,清,5,中,中,王昭君故事有大众基础
集藏,桃花女阴阳斗传,章回小说,清,6,中,中,民间斗法故事有趣味
集藏,梼杌闲评,章回小说,明,53,中,中,写魏忠贤历史小说，有看点
集藏,歇浦潮,章回小说,民国,56,中,中,民国上海社会小说，篇幅大可读
集藏,武则天四大奇案,章回小说,清,12,中,中,武则天公案题材有吸引力
集藏,武则天外史,章回小说,清,4,中,中,武则天题材通俗，有大众缘
集藏,残唐五代史演义传,章回小说,明,14,中,中,五代演义讲史，故事性尚可
集藏,水浒新传,章回小说,民国,16,中,中,现代续写水浒，借势有读者
集藏,汉代宫廷艳史,章回小说,民国,49,中,中,宫廷艳史有八卦看点
集藏,洪秀全演义,章回小说,清,11,中,中,太平天国题材，历史兴味强
集藏,海公大小红袍全传,章回小说,清,27,中,中,海瑞公案故事，有大众缘
集藏,清代宫廷艳史,章回小说,民国,26,中,中,清宫艳史有八卦看点
集藏,清宫十三朝演义,章回小说,民国,53,中,中,清宫演义大部头，有大众读者
集藏,狄青演义,章回小说,清,17,中,中,狄青故事有大众基础
集藏,玉娇梨,章回小说,清,11,中,中,才子佳人名作，曾传至海外
集藏,留东外史,章回小说,民国,39,中,中,民国留日黑幕小说，有史料趣味
集藏,痛史,章回小说,清,10,中,中,吴趼人历史小说，反清有力
集藏,粉妆楼全传,章回小说,清,18,中,中,罗成后代侠义小说，有大众缘
集藏,红楼圆梦,章回小说,清,22,中,中,红楼续书，借势有读者
集藏,红楼复梦,章回小说,清,53,中,中,红楼续书大部头，借势有读者
集藏,红楼幻梦,章回小说,清,17,中,中,红楼续书，借势有读者
集藏,红楼梦补,章回小说,清,20,中,中,红楼续书中较佳者
集藏,续三国演义,章回小说,清,34,中,中,三国续书，借势有读者
集藏,续小五义,章回小说,清,7,中,中,小五义续书，侠义可读
集藏,续济公传,章回小说,清,49,中,中,济公续传，借势趣味足
集藏,续红楼梦,章回小说,清,26,中,中,红楼续书，借势有读者
集藏,续西游记,章回小说,明,35,中,中,西游续书，借势有读者
集藏,胡雪岩外传,章回小说,清,5,中,中,胡雪岩题材，名人传记有看点
集藏,花月痕,章回小说,清,28,中,中,狭邪言情名作，文采较高
集藏,蔡东藩两晋演义,章回小说,民国,19,中,中,蔡东藩历史演义，普及性强
集藏,蔡东藩五代史演义,章回小说,民国,18,中,中,蔡东藩历史演义，普及性强
集藏,蔡东藩元史演义,章回小说,民国,16,中,中,蔡东藩历史演义，普及性强
集藏,蔡东藩前汉演义,章回小说,民国,19,中,中,蔡东藩历史演义，普及性强
集藏,蔡东藩南北史演义,章回小说,民国,31,中,中,蔡东藩历史演义，普及性强
集藏,蔡东藩后汉演义,章回小说,民国,16,中,中,蔡东藩历史演义，普及性强
集藏,蔡东藩唐史演义,章回小说,民国,16,中,中,蔡东藩历史演义，普及性强
集藏,蔡东藩宋史演义,章回小说,民国,18,中,中,蔡东藩历史演义，普及性强
集藏,蔡东藩明史演义,章回小说,民国,16,中,中,蔡东藩历史演义，普及性强
集藏,蔡东藩民国演义,章回小说,民国,41,中,中,蔡东藩历史演义，普及性强
集藏,蔡东藩清史演义,章回小说,民国,24,中,中,蔡东藩历史演义，普及性强
集藏,西太后艳史演义,章回小说,民国,18,中,中,慈禧题材演义，有八卦看点
集藏,西施艳史演义,章回小说,民国,5,中,中,西施题材，名人故事有缘
集藏,观音菩萨传奇,章回小说,清,27,中,中,观音传说题材，有大众缘
集藏,说呼全传,章回小说,清,9,中,中,呼家将故事，有大众基础
集藏,貂蝉艳史演义,章回小说,民国,5,中,中,貂蝉题材，名人故事有缘
集藏,贵妃艳史演义,章回小说,民国,5,中,中,杨贵妃题材，名人故事有缘
集藏,野叟曝言,章回小说,清,33,中,中,清代百科式长篇，奇书有名
集藏,铁冠图,章回小说,清,6,中,中,明末李自成题材，故事性强
集藏,隋代宫闱史,章回小说,清,24,中,中,隋宫闱演义，有八卦看点
集藏,隋史遗文,章回小说,明,26,中,中,隋唐英雄演义底本，故事性强
集藏,隋唐野史,章回小说,清,22,中,中,隋唐题材野史演义，有看点
集藏,隋炀帝艳史,章回小说,明,21,中,中,隋炀帝题材有看点，文采尚可
集藏,青红帮演义,章回小说,民国,7,中,中,青红帮题材，有江湖看点
集藏,韩湘子全传,章回小说,明,14,中,中,八仙度化神魔小说有一定民俗趣味
集藏,飞龙全传,章回小说,清,28,中,中,赵匡胤发迹英雄演义有一定可读性
集藏,魏忠贤小说斥奸书,章回小说,明,8,中,中,时事政治小说揭阉党有史料趣味
集藏,黑籍冤魂,章回小说,清,6,中,中,晚清谴责小说写鸦片祸害有警世意义
集藏,龙凤再生缘,章回小说,清,25,中,中,弹词改编续书有一定故事性
儒藏,今世说,笔记小说,清,6,中,中,仿世说体清代名士轶事可读性好
儒藏,孔子家语,笔记小说,魏晋南北朝,13,中,中,孔子言行集知名度高偏说理
儒藏,孔子家语,笔记小说,魏晋南北朝,8,中,中,孔子言行集知名度高偏说理
儒藏,韩诗外传,笔记小说,汉,13,中,中,引诗说事故事杂糅偏说理
史藏,世载堂杂忆,笔记小说,民国,17,中,中,民国掌故杂忆近代有可读性
史藏,东坡乌台诗案,笔记小说,宋,2,中,中,苏轼诗案纪实题材知名有故事性
史藏,东轩笔录,笔记小说,宋,6,中,中,宋代朝野轶事有掌故可读性
史藏,书湖州庄氏史狱,笔记小说,清,1,中,中,庄氏明史案题材，文字狱故事有张力
史藏,京尘杂录,笔记小说,清,2,中,中,记京城梨园伶人旧事，有趣味
史藏,入蜀记,笔记小说,宋,3,中,中,陆游入蜀日记，游记名篇可读
史藏,北狩行录,笔记小说,宋,1,中,中,靖康徽钦北掳实录，题材有冲击
史藏,北狩见闻录,笔记小说,宋,1,中,中,记宋帝被掳见闻，悲史有看点
史藏,南唐近事,笔记小说,宋,1,中,中,南唐宫廷逸事，故事性尚可
史藏,名人轶事,笔记小说,民国,4,中,中,近代名人轶事辑，有八卦趣味
史藏,吴船录,笔记小说,宋,1,中,中,范成大蜀中游记，名家游记可读
史藏,咸同将相琐闻,笔记小说,清,1,中,中,晚清将相轶闻，名人八卦有趣
史藏,咸淳遗事,笔记小说,元,2,中,中,记南宋末事，亡国题材有看点
史藏,唐阙史,笔记小说,隋唐,2,中,中,唐人补史逸事，故事性尚可
史藏,国闻备乘,笔记小说,民国,5,中,中,胡思敬记晚清政闻，掌故有料
史藏,圆明园总管世家,笔记小说,民国,1,中,中,圆明园世家轶事，话题性尚可
史藏,多铎妃刘氏外传,笔记小说,清,1,中,中,清初宫闱外传，宫廷八卦有趣
史藏,宋人轶事汇编,笔记小说,民国,98,中,中,宋人轶事大汇编，故事多但工具书
史藏,庭闻录,笔记小说,清,7,中,中,记吴三桂始末，三藩题材有看点
史藏,开天传信记,笔记小说,隋唐,1,中,中,记开元天宝逸闻，唐宫趣事可读
史藏,拳变馀闻,笔记小说,清,2,中,中,记庚子义和团事，史事有看点
史藏,旧京琐记,笔记小说,民国,6,中,中,记老北京风俗掌故，怀旧趣味
史藏,明皇杂录,笔记小说,隋唐,2,中,中,郑处诲记唐玄宗朝逸事，可读
史藏,松窗杂录,笔记小说,隋唐,1,中,中,记唐宫诗事逸闻，趣味尚可
史藏,栖霞阁野乘,笔记小说,清,5,中,中,记清代野史轶闻，八卦有趣
史藏,次柳氏旧闻,笔记小说,隋唐,1,中,中,记唐玄宗朝旧闻，宫廷逸事可读
史藏,沪游梦影,笔记小说,清,1,中,中,记晚清上海洋场风情，新奇有趣
史藏,清代名人轶事,笔记小说,清,12,中,中,辑清代名人轶事，八卦趣味多
史藏,清代野记,笔记小说,清,5,中,中,记清代宫闱政界野史，八卦有料
史藏,玉镜新谭,笔记小说,明,10,中,中,记魏忠贤阉党祸国，史事有戏剧性
史藏,研堂见闻杂记,笔记小说,清,2,中,中,记明末清初江南乱事，有看点
史藏,花随人圣盦摭忆,笔记小说,民国,2,中,中,黄濬记晚清民国掌故，史料有料
史藏,见闻琐录,笔记小说,清,12,中,中,记晚清社会见闻，故事性尚可
史藏,觚剩及续编,笔记小说,清,8,中,中,钮琇记明末清初奇闻，故事生动
史藏,近代名人轶事录,笔记小说,民国,3,中,中,辑近代名人轶事，八卦趣味
史藏,隋唐嘉话,笔记小说,隋唐,6,中,中,隋唐轶事掌故，可读但较零碎
子藏,云溪友议,笔记小说,隋唐,3,中,中,唐代诗话轶事，可读性较好
子藏,云谿友议,笔记小说,隋唐,3,中,中,唐代诗话轶事，与云溪友议同书异写
子藏,仇池笔记,笔记小说,宋,8,中,中,苏轼杂记，文趣可读偏小众
子藏,冷斋夜话,笔记小说,宋,9,中,中,惠洪记诗话轶闻，可读性较好
子藏,刘宾客嘉话录,笔记小说,隋唐,4,中,中,刘禹锡谈艺轶事，可读性较好
子藏,北梦琐言,笔记小说,五代,10,中,中,唐末五代轶事，可读性较好
子藏,唐国史补,笔记小说,隋唐,5,中,中,唐代典实轶事，史料价值高可读
子藏,唐摭言,笔记小说,五代,12,中,中,唐代科举轶事，可读性较好
子藏,唐新语,笔记小说,隋唐,6,中,中,仿世说记唐人言行，可读性较好
子藏,唐语林,笔记小说,宋,12,中,中,唐代轶事类编，可读性较好
子藏,因话录,笔记小说,隋唐,2,中,中,赵璘记唐代轶事，可读性较好
子藏,大唐新语,笔记小说,隋唐,10,中,中,仿世说记唐人言行，可读性较好
子藏,客窗闲话,笔记小说,清,15,中,中,清代志怪故事集，可读性较好
子藏,宣室志,笔记小说,隋唐,6,中,中,张读志怪传奇，可读性较好
子藏,封氏闻见记,笔记小说,隋唐,5,中,中,封演记唐代典制见闻，史料价值高
子藏,小豆棚,笔记小说,清,18,中,中,仿聊斋志怪集，故事性较强可读
子藏,履园丛话,笔记小说,清,45,中,中,钱泳见闻丛谈，内容广博可读
子藏,广异记,笔记小说,隋唐,7,中,中,戴孚志怪集，故事丰富可读
子藏,异苑,笔记小说,魏晋南北朝,5,中,中,刘敬叔志怪集，故事丰富可读
子藏,归潜志,笔记小说,辽金,5,中,中,刘祁记金末史事人物，史料价值高
子藏,归田录,笔记小说,宋,2,中,中,欧阳修朝野轶事随笔，文佳可读
子藏,教坊记,笔记小说,隋唐,1,中,中,唐代教坊乐舞记述，史料价值高篇幅短
子藏,朝野佥载,笔记小说,隋唐,5,中,中,张鷟记唐代朝野轶事，生动可读
子藏,殷芸小说,笔记小说,魏晋南北朝,4,中,中,殷芸辑古小说，资料价值高可读
子藏,池北偶谈,笔记小说,清,33,中,中,王士禛见闻杂谈，内容广博可读
子藏,洞冥记,笔记小说,魏晋南北朝,2,中,中,汉武求仙神异故事，瑰奇可读
子藏,清异录,笔记小说,宋,29,中,中,陶谷记名物典故，新奇有趣可读
子藏,独异志,笔记小说,隋唐,5,中,中,李冗志怪异闻集，故事丰富可读
子藏,甘泽谣,笔记小说,隋唐,2,中,中,唐传奇集含红线等名篇，可读但偏专
子藏,癸辛杂识,笔记小说,宋,12,中,中,周密宋末杂识，史料丰富但偏考据
子藏,类说,笔记小说,宋,176,中,中,曾慥辑录百家小说，资料价值高但庞杂
子藏,续世说,笔记小说,宋,12,中,中,仿世说体记唐宋轶事，可读但逊原作
子藏,续夷坚志,笔记小说,辽金,5,中,中,元好问续夷坚志怪，志怪故事可读
子藏,老学庵笔记,笔记小说,宋,7,中,中,陆游名家笔记，掌故丰富但偏考据
子藏,艳异编,笔记小说,明,67,中,中,王世贞辑艳情志怪，故事丰富但庞杂
子藏,萤窗异草,笔记小说,清,10,中,中,清代志怪小说集，仿聊斋故事可读
子藏,说郛,笔记小说,元,601,中,中,陶宗仪辑大型丛书，资料宝库但浩繁
子藏,谐铎,笔记小说,清,12,中,中,沈起凤寓言志怪，讽喻生动有可读性
子藏,辍耕录,笔记小说,元,23,中,中,陶宗仪元末杂记，史料丰富偏考据
子藏,集异记,笔记小说,隋唐,1,中,中,唐传奇含旗亭画壁等名篇，故事好但残
子藏,青楼集,笔记小说,元,3,中,中,夏庭芝记元代名伶，戏曲史料珍贵但专
子藏,风俗通义,笔记小说,汉,5,中,中,应劭考辨风俗神怪，含名怪谈但偏考据
子藏,鹤林玉露,笔记小说,宋,6,中,中,罗大经文人杂记，清谈可读但偏议论
子藏,齐东野语,笔记小说,宋,13,中,中,周密记宋末掌故，史料丰富偏考据
诗藏,本事诗,笔记小说,隋唐,1,中,中,孟棨记唐诗本事，含名篇情事但偏诗话
集藏,古今笑史,笔记小说,明,50,中,中,冯梦龙笑话集古今谭概，诙谐
集藏,广笑府,笔记小说,明,6,中,中,冯梦龙笑话集，诙谐通俗
集藏,笑得好,笔记小说,清,12,中,中,清代笑话集，幽默可读
集藏,笑赞,笔记小说,明,3,中,中,明代笑话集，趣味尚可
集藏,醉翁谈录,笔记小说,宋,5,中,中,宋代说话史料，研究价值高
史藏,律条公案,话本拟话本,明,3,中,中,明代公案话本，断案故事可读
史藏,明镜公案,话本拟话本,明,6,中,中,明代公案话本，断案故事可读
集藏,五鼠闹东京,话本拟话本,清,3,中,中,五鼠包公题材，民间故事有趣
集藏,全相平话三国志至治新刊,话本拟话本,元,7,中,中,三国平话刊本，讲史价值高
集藏,廿一史弹词,话本拟话本,明,32,中,中,杨慎咏史弹词，知名度尚可
集藏,新编五代史平话,话本拟话本,宋,22,中,中,早期讲史平话有研究价值，趣味一般
集藏,桃花庵鼓词,话本拟话本,清,41,中,中,鼓词戏文流传民间，知名度中
集藏,武王伐纣平话 吕望兴周,话本拟话本,元,27,中,中,封神故事源头平话，有研究兴味
集藏,海公案,话本拟话本,明,40,中,中,海瑞公案系列，题材有名
集藏,清风闸,话本拟话本,清,9,中,中,扬州评话名段，市井趣味强
集藏,秦并六国平话,话本拟话本,元,11,中,中,元刊讲史平话，研究价值高
集藏,薛仁贵征辽事略,话本拟话本,元,4,中,中,薛仁贵故事元代平话，源头价值
集藏,西湖二集,话本拟话本,明,19,中,中,西湖题材话本集，故事可读
史藏,东林列传,人物传记,清,13,中,低,东林党人传记偏史料专门
史藏,中州人物考,人物传记,明,17,中,低,河南人物传偏地方史料专门
史藏,元朝名臣事略,人物传记,元,16,中,低,苏天爵名著，名臣事迹较可读
史藏,十七史百将传,人物传记,宋,4,中,低,历代名将传辑，武将故事尚可
史藏,春秋臣传,人物传记,宋,9,中,低,辑春秋名臣事迹，故事性尚可
史藏,襄阳耆旧记,人物传记,魏晋南北朝,2,中,低,习凿齿记襄阳人物，地方掌故
子藏,奇女子传,人物传记,清,8,中,低,历代奇女子传，可读偏小众
子藏,林灵素传,人物传记,宋,1,中,低,道士林灵素传，趣味篇幅短
道藏,续仙传,人物传记,五代,2,中,低,仙人传续编，有趣味偏冷
佛藏,三宝感应要略录,佛教故事,宋,9,中,低,感应灵验故事集，有一定可读性但小众
佛藏,中本起经,佛教故事,魏晋南北朝,2,中,低,佛传叙事有情节，但版本零散
佛藏,中本起经,佛教故事,魏晋南北朝,3,中,低,佛传叙事有情节，但版本零散
佛藏,付法藏因缘传,佛教故事,魏晋南北朝,3,中,低,祖师传承因缘，叙事性中等
佛藏,付法藏因缘经,佛教故事,魏晋南北朝,2,中,低,祖师传承因缘，叙事性中等
佛藏,众经撰杂譬喻,佛教故事,魏晋南北朝,2,中,低,譬喻故事集，部分生动可读
佛藏,众经撰杂譬喻经,佛教故事,魏晋南北朝,2,中,低,譬喻故事集，部分生动可读
佛藏,众许摩诃帝经,佛教故事,宋,5,中,低,佛传缘起叙事，篇幅适中但小众
佛藏,佛五百弟子自说本起经,佛教故事,魏晋南北朝,11,中,低,弟子本生故事集，叙事性尚可
佛藏,佛五百弟子自说本起经,佛教故事,魏晋南北朝,12,中,低,弟子本生故事集，叙事性尚可
佛藏,佛祖历代通载,佛教故事,元,22,中,低,编年佛教史，史料价值高但偏专门
佛藏,佛祖历代通载,佛教故事,元,23,中,低,编年佛教史，史料价值高但偏专门
佛藏,佛祖历代通载,佛教故事,元,26,中,低,编年佛教史，史料价值高但偏专门
佛藏,佛祖统纪,佛教故事,宋,74,中,低,天台编年史巨著，专门性强
佛藏,佛说五王经,佛教故事,魏晋南北朝,1,中,低,五王因缘有故事框架，篇幅短
佛藏,佛说五王经,佛教故事,魏晋南北朝,1,中,低,五王因缘有故事框架，篇幅短
佛藏,佛说众许摩诃帝经,佛教故事,宋,7,中,低,佛传缘起叙事，小众
佛藏,佛说优填王经,佛教故事,魏晋南北朝,1,中,低,优填王造像因缘，有典故价值
佛藏,佛说兴起行经,佛教故事,魏晋南北朝,3,中,低,佛宿世业缘故事，叙事尚可
佛藏,佛说兴起行经,佛教故事,魏晋南北朝,3,中,低,佛宿世业缘故事，叙事尚可
佛藏,佛说净饭王般涅槃经,佛教故事,魏晋南北朝,1,中,低,净饭王临终叙事，有亲情情节
佛藏,佛说净饭王般涅槃经,佛教故事,魏晋南北朝,1,中,低,净饭王临终叙事，有亲情情节
佛藏,佛说因缘僧护经,佛教故事,魏晋南北朝,1,中,低,僧护地狱见闻，有奇幻情节
佛藏,佛说因缘僧护经,佛教故事,魏晋南北朝,1,中,低,僧护地狱见闻，有奇幻情节
佛藏,佛说国王不黎先尼十梦经,佛教故事,魏晋南北朝,1,中,低,解梦预言故事，有趣味性
佛藏,佛说大意经,佛教故事,魏晋南北朝,1,中,低,大意入海取宝故事，有冒险情节
佛藏,佛说大意经,佛教故事,魏晋南北朝,1,中,低,大意入海取宝故事，有冒险情节
佛藏,佛说大鱼事经,佛教故事,魏晋南北朝,1,中,低,大鱼救众生本生，有寓言趣味
佛藏,佛说大鱼事经,佛教故事,魏晋南北朝,1,中,低,大鱼救众生本生，有寓言趣味
佛藏,佛说太子墓魄经,佛教故事,魏晋南北朝,1,中,低,慕魄太子缄默本生，有故事性
佛藏,佛说太子慕魄经,佛教故事,魏晋南北朝,1,中,低,慕魄太子缄默本生，有故事性
佛藏,佛说太子沐魄经,佛教故事,魏晋南北朝,1,中,低,慕魄太子本生异本，有故事性
佛藏,佛说太子瑞应本起经,佛教故事,魏晋南北朝,2,中,低,佛传瑞应叙事，可读性尚可
佛藏,佛说奈女祇域因缘经,佛教故事,魏晋南北朝,1,中,低,名医耆域奇事，有传奇色彩
佛藏,佛说奈女耆域因缘经,佛教故事,魏晋南北朝,1,中,低,名医耆域奇事，有传奇色彩
佛藏,佛说奈女耆婆经,佛教故事,魏晋南北朝,1,中,低,名医耆婆奇事，有传奇色彩
佛藏,佛说妙色王因缘经,佛教故事,隋唐,1,中,低,妙色王舍身求法本生，有故事性
佛藏,佛说妙色王因缘经,佛教故事,隋唐,1,中,低,妙色王舍身求法本生，有故事性
佛藏,佛说孝子经,佛教故事,魏晋南北朝,1,中,低,佛教孝道说教，契合孝文化但篇短
佛藏,佛说幻士仁贤经,佛教故事,魏晋南北朝,3,中,低,幻师斗法故事，有奇幻情节
佛藏,佛说弊魔试目连经,佛教故事,魏晋南北朝,1,中,低,魔扰目连故事，有戏剧性
佛藏,佛说弟子死复生经,佛教故事,魏晋南北朝,1,中,低,死而复生见闻，有奇异情节
佛藏,佛说弥勒来时经,佛教故事,魏晋南北朝,1,中,低,弥勒下生短经，叙事薄
佛藏,佛说摩登女解形中六事经,佛教故事,魏晋南北朝,1,中,低,摩登伽女故事余绪，有情节
佛藏,佛说摩诃迦叶度贫母经,佛教故事,魏晋南北朝,1,中,低,迦叶度贫母，有温情情节
佛藏,佛说摩诃迦叶度贫母经,佛教故事,魏晋南北朝,1,中,低,迦叶度贫母，有温情情节
佛藏,佛说文陀竭王经,佛教故事,魏晋南北朝,1,中,低,顶生王贪欲故事，有情节
佛藏,佛说文陀竭王经,佛教故事,魏晋南北朝,1,中,低,顶生王贪欲故事，有情节
佛藏,佛说月上女经,佛教故事,隋唐,4,中,低,月上女辩才故事，叙事尚可
佛藏,佛说月光童子经,佛教故事,魏晋南北朝,1,中,低,月光童子授记，有预言情节
佛藏,佛说月光童子经,佛教故事,魏晋南北朝,1,中,低,月光童子授记，有预言情节
佛藏,佛说月明菩萨经,佛教故事,魏晋南北朝,1,中,低,月明割肉舍身本生，有故事性
佛藏,佛说未曾有因缘经,佛教故事,魏晋南北朝,2,中,低,因缘说法，叙事中等
佛藏,佛说未生冤经,佛教故事,魏晋南北朝,1,中,低,阿阇世弑父故事余绪，有情节
佛藏,佛说柰女耆婆经,佛教故事,魏晋南北朝,1,中,低,名医耆婆奇事，有传奇色彩
佛藏,佛说树提伽经,佛教故事,魏晋南北朝,1,中,低,树提伽豪富因缘，有趣味性
佛藏,佛说树提伽经,佛教故事,魏晋南北朝,1,中,低,树提伽豪富因缘，有趣味性
佛藏,佛说树提伽经之二,佛教故事,魏晋南北朝,1,中,低,树提伽富贵因缘异本
佛藏,佛说波斯匿王太后崩尘土坌身经,佛教故事,魏晋南北朝,1,中,低,波斯匿王丧母说无常，有情节
佛藏,佛说波斯匿王太后崩尘土坌身经,佛教故事,魏晋南北朝,1,中,低,波斯匿王丧母说无常，有情节
佛藏,佛说海龙王经,佛教故事,魏晋南北朝,5,中,低,龙宫说法叙事，有奇幻色彩
佛藏,佛说灯指因缘经,佛教故事,魏晋南北朝,1,中,低,灯指福报故事，有情节
佛藏,佛说玉耶女经,佛教故事,魏晋南北朝,1,中,低,玉耶女训诫故事，反映妇德观
佛藏,佛说玉耶女经之二,佛教故事,魏晋南北朝,1,中,低,玉耶女训诫异本，有情节
佛藏,佛说琉璃王经,佛教故事,魏晋南北朝,1,中,低,琉璃王灭释迦族悲剧，有情节
佛藏,佛说生经,佛教故事,魏晋南北朝,7,中,低,本生故事集，部分生动可读
佛藏,佛说睒子经之三,佛教故事,魏晋南北朝,1,中,低,睒子孝行本生异本，故事性强
佛藏,佛说睒子经之二,佛教故事,魏晋南北朝,1,中,低,睒子孝行本生异本，故事性强
佛藏,佛说福力太子因缘经,佛教故事,宋,2,中,低,福力太子比拼因缘，有故事性
佛藏,佛说福力太子因缘经,佛教故事,宋,2,中,低,福力太子比拼因缘，有故事性
佛藏,佛说给孤长者女得度因缘经,佛教故事,宋,2,中,低,给孤长者女故事，叙事尚可
佛藏,佛说给孤长者女得度因缘经,佛教故事,魏晋南北朝,1,中,低,给孤长者女故事，叙事尚可
佛藏,佛说罗云忍辱经,佛教故事,魏晋南北朝,1,中,低,罗睺罗忍辱故事，有情节
佛藏,佛说舍利弗摩诃目连游四衢经,佛教故事,魏晋南北朝,1,中,低,二弟子游化故事，有情节
佛藏,佛说舍卫国王十梦经,佛教故事,魏晋南北朝,1,中,低,国王解梦预言，有趣味性
佛藏,佛说菩萨本行经,佛教故事,魏晋南北朝,1,中,低,菩萨本行故事集，叙事尚可
佛藏,佛说赖吒和罗经,佛教故事,魏晋南北朝,1,中,低,赖吒和罗出家故事，有情节
佛藏,佛说赖吒和罗经,佛教故事,魏晋南北朝,1,中,低,赖吒和罗出家故事，有情节
佛藏,佛说金色王经,佛教故事,魏晋南北朝,1,中,低,金色王布施本生，有故事性
佛藏,佛说铁城泥犁经,佛教故事,魏晋南北朝,1,中,低,地狱铁城见闻，有奇异描写
佛藏,佛说银色女经,佛教故事,魏晋南北朝,1,中,低,银色女舍身本生，有故事性
佛藏,佛说长寿王经,佛教故事,魏晋南北朝,1,中,低,长寿王忍辱本生，有故事性
佛藏,佛说阿阇世王受决经,佛教故事,魏晋南北朝,1,中,低,阿阇世王受记，关联弑父故事
佛藏,佛说阿阇世王经,佛教故事,魏晋南北朝,1,中,低,阿阇世忏悔故事，有情节
佛藏,佛说阿阇世王经,佛教故事,魏晋南北朝,1,中,低,阿阇世忏悔故事，有情节
佛藏,佛说阿难七梦经,佛教故事,魏晋南北朝,1,中,低,阿难七梦预言末法，有趣味性
佛藏,佛说顶生王因缘经,佛教故事,宋,2,中,低,顶生王贪欲堕落故事，有情节
佛藏,佛说顶生王因缘经,佛教故事,宋,2,中,低,顶生王贪欲堕落故事，有情节
佛藏,佛说顶生王故事经,佛教故事,魏晋南北朝,1,中,低,顶生王故事，有戏剧性
佛藏,佛说顶生王故事经,佛教故事,魏晋南北朝,1,中,低,顶生王故事，有戏剧性
佛藏,佛说须赖经,佛教故事,魏晋南北朝,3,中,低,贫士须赖安贫故事，有情节
佛藏,佛说须赖经,佛教故事,魏晋南北朝,3,中,低,贫士须赖安贫故事，有情节
佛藏,佛说须赖经-曹魏-白延,佛教故事,魏晋南北朝,2,中,低,贫士须赖安贫故事异本
佛藏,佛说须达经,佛教故事,魏晋南北朝,1,中,低,须达布施建祇园，关联典故
佛藏,佛说须达经,佛教故事,魏晋南北朝,1,中,低,须达布施建祇园，关联典故
佛藏,佛说频婆娑罗王经,佛教故事,魏晋南北朝,1,中,低,频婆娑罗王皈依，有情节
佛藏,佛说频婆裟罗王经,佛教故事,宋,1,中,低,频婆娑罗王皈依异本
佛藏,佛说魔娆乱经,佛教故事,魏晋南北朝,1,中,低,魔扰佛陀故事，有戏剧性
佛藏,佛说魔娆乱经,佛教故事,魏晋南北朝,1,中,低,魔扰佛陀故事，有戏剧性
佛藏,佛说鹦鹉经,佛教故事,魏晋南北朝,1,中,低,鹦鹉业报本生，有寓言趣味
佛藏,佛说鹦鹉经,佛教故事,魏晋南北朝,1,中,低,鹦鹉业报本生，有寓言趣味
佛藏,佛说鹿母经之二,佛教故事,魏晋南北朝,2,中,低,鹿母护子本生异本，故事性强
佛藏,佛说黑氏梵志经,佛教故事,魏晋南北朝,1,中,低,黑氏献花闻法故事，有情节
佛藏,佛说龙王兄弟经,佛教故事,魏晋南北朝,1,中,低,龙王兄弟故事，有奇幻色彩
佛藏,修行本起经,佛教故事,汉,4,中,低,佛传修行叙事，可读性尚可
佛藏,修行本起经,佛教故事,魏晋南北朝,3,中,低,佛传修行叙事，可读性尚可
佛藏,僧伽斯那所撰菩萨本缘经,佛教故事,魏晋南北朝,2,中,低,菩萨本缘故事集，叙事尚可
佛藏,僧伽罗刹所集佛行经,佛教故事,魏晋南北朝,8,中,低,佛行叙事集，篇幅适中小众
佛藏,六度集经,佛教故事,魏晋南北朝,3,中,低,本生谭有故事性但宗教味浓
佛藏,六度集经,佛教故事,魏晋南北朝,6,中,低,本生谭有故事性但宗教味浓
佛藏,冥报记,佛教故事,隋唐,1,中,低,因果报应故事有志怪味偏小众
佛藏,冥报记辑书,佛教故事,隋唐,3,中,低,报应故事辑录可读但小众
佛藏,北魏僧惠生使西域记,佛教故事,魏晋南北朝,1,中,低,西行记残篇有史料价值偏专门
佛藏,南海寄归内法传,佛教故事,隋唐,2,中,低,义净记印度僧制有史料价值
佛藏,国王不梨先泥十梦经,佛教故事,魏晋南北朝,1,中,低,解梦故事有趣味但短小冷僻
佛藏,大唐故三藏玄奘法师行状,佛教故事,隋唐,1,中,低,玄奘行状简略偏文献
佛藏,大唐西域求法高僧传,佛教故事,隋唐,1,中,低,求法僧传有史料价值偏专门
佛藏,大唐西域求法高僧传,佛教故事,隋唐,2,中,低,求法僧传有史料价值偏专门
佛藏,大庄严论经,佛教故事,魏晋南北朝,57,中,低,譬喻故事集有可读性但宗教浓
佛藏,大方便佛报恩经,佛教故事,魏晋南北朝,4,中,低,报恩本生有故事但宗教浓
佛藏,太子慕魄经,佛教故事,魏晋南北朝,1,中,低,本生太子故事有情节但短小
佛藏,太子瑞应本起经,佛教故事,魏晋南北朝,2,中,低,佛传本起有故事但宗教浓
佛藏,太子须大拏经,佛教故事,魏晋南北朝,1,中,低,布施本生有情节但宗教浓
佛藏,太子须大拏经,佛教故事,魏晋南北朝,1,中,低,布施本生有情节但宗教浓
佛藏,央掘魔罗经,佛教故事,魏晋南北朝,16,中,低,指鬘改邪故事性强但宗教浓
佛藏,宋高僧传,佛教故事,宋,1,中,低,高僧传史料丰富但专门性强
佛藏,宋高僧传,佛教故事,宋,13,中,低,高僧传史料丰富但专门性强
佛藏,宋高僧传,佛教故事,宋,26,中,低,高僧传史料丰富但专门性强
佛藏,寺塔记,佛教故事,隋唐,1,中,低,段成式寺塔记有掌故价值偏专门
佛藏,幻士仁贤经,佛教故事,魏晋南北朝,3,中,低,幻术斗法有趣味但宗教浓
佛藏,庐山记,佛教故事,宋,8,中,低,庐山志有掌故但偏地志专门
佛藏,弟子死复生经,佛教故事,魏晋南北朝,1,中,低,死而复生有志怪味但短小
佛藏,御制神僧传,佛教故事,明,19,中,低,神僧灵异故事有趣但宗教浓
佛藏,御制神僧传,佛教故事,明,9,中,低,神僧灵异故事有趣但宗教浓
佛藏,摩登伽经,佛教故事,魏晋南北朝,1,中,低,摩登伽女故事有情节但宗教浓
佛藏,摩登伽经,佛教故事,魏晋南北朝,1,中,低,摩登伽女故事有情节但宗教浓
佛藏,摩登女解形中六事经,佛教故事,魏晋南北朝,1,中,低,摩登女故事异本短小宗教浓
佛藏,摩邓女经,佛教故事,魏晋南北朝,1,中,低,摩登女故事异本短小宗教浓
佛藏,撰集百缘经,佛教故事,魏晋南北朝,4,中,低,因缘故事集有可读性但宗教浓
佛藏,撰集百缘经,佛教故事,魏晋南北朝,7,中,低,因缘故事集有可读性但宗教浓
佛藏,方广大庄严经,佛教故事,隋唐,27,中,低,佛传本行有故事但宗教浓
佛藏,方广大庄严经,佛教故事,隋唐,30,中,低,佛传本行有故事但宗教浓
佛藏,旧杂譬喻经,佛教故事,魏晋南北朝,2,中,低,譬喻故事生动但宗教浓篇短
佛藏,旧杂譬喻经,佛教故事,魏晋南北朝,3,中,低,譬喻故事生动但宗教浓篇短
佛藏,普曜经,佛教故事,魏晋南北朝,18,中,低,佛传本行有故事但宗教浓
佛藏,曹溪大师别传,佛教故事,隋唐,1,中,低,六祖别传有故事但偏专门
佛藏,未曾有因缘经,佛教故事,魏晋南北朝,2,中,低,因缘故事有可读性但宗教浓
佛藏,未生怨经,佛教故事,魏晋南北朝,1,中,低,阿阇世王故事有情节但短小
佛藏,杂宝藏经,佛教故事,魏晋南北朝,12,中,低,因缘故事集生动但宗教浓
佛藏,杂宝藏经,佛教故事,魏晋南北朝,7,中,低,因缘故事集生动但宗教浓
佛藏,杂譬喻经,佛教故事,魏晋南北朝,1,中,低,譬喻故事生动但宗教浓篇短
佛藏,杂譬喻经,佛教故事,魏晋南北朝,2,中,低,譬喻故事生动但宗教浓篇短
佛藏,杂譬喻经-道略,佛教故事,魏晋南北朝,2,中,低,譬喻故事生动但宗教浓篇短
佛藏,林间录,佛教故事,宋,4,中,低,禅林掌故有可读性但偏专门
佛藏,比丘尼传,佛教故事,魏晋南北朝,3,中,低,尼僧传有史料价值偏专门
佛藏,比丘尼传,佛教故事,魏晋南北朝,4,中,低,尼僧传有史料价值偏专门
佛藏,法句譬喻经,佛教故事,魏晋南北朝,10,中,低,偈颂配譬喻故事但宗教浓
佛藏,法句譬喻经,佛教故事,魏晋南北朝,8,中,低,偈颂配譬喻故事但宗教浓
佛藏,灯指因缘经,佛教故事,魏晋南北朝,1,中,低,因缘故事有情节但短小宗教浓
佛藏,炖煌录,佛教故事,隋唐,1,中,低,敦煌见闻录有掌故价值偏专门
佛藏,玄奘三藏法师资传丛书,佛教故事,隋唐,2,中,低,玄奘传资料丛编偏文献
佛藏,琉璃王经,佛教故事,魏晋南北朝,1,中,低,灭族故事有情节但短小宗教浓
佛藏,生经,佛教故事,魏晋南北朝,10,中,低,本生故事集有可读性但宗教浓
佛藏,神僧传,佛教故事,明,5,中,低,神僧灵异故事有趣但宗教浓
佛藏,神异典释教部纪事,佛教故事,清,3,中,低,释教神异纪事有趣味但杂辑
佛藏,经律异相,佛教故事,魏晋南北朝,28,中,低,佛教类书故事荟萃但宗教浓
佛藏,经律异相,佛教故事,魏晋南北朝,55,中,低,佛教类书故事荟萃但宗教浓
佛藏,续高僧传,佛教故事,隋唐,1,中,低,高僧传史料丰富但专门性强
佛藏,续高僧传,佛教故事,隋唐,12,中,低,高僧传史料丰富但专门性强
佛藏,续高僧传,佛教故事,隋唐,15,中,低,高僧传史料丰富但专门性强
佛藏,罗湖野录,佛教故事,宋,2,中,低,禅林野史掌故偏专门
佛藏,罗湖野录,佛教故事,宋,2,中,低,禅林野史掌故偏专门
佛藏,舍卫国王梦见十事经,佛教故事,魏晋南北朝,1,中,低,解梦故事有趣味但短小冷僻
佛藏,舍卫国王梦见十事经,佛教故事,魏晋南北朝,1,中,低,解梦故事有趣味但短小冷僻
佛藏,舍头谏太子二十八宿经,佛教故事,魏晋南北朝,3,中,低,摩登女故事异本宗教浓
佛藏,舍头谏经,佛教故事,魏晋南北朝,3,中,低,摩登女故事异本宗教浓
佛藏,菩萨投身饲饿虎起塔因缘经,佛教故事,魏晋南北朝,1,中,低,舍身饲虎本生有情节但短小
佛藏,菩萨本生鬘论,佛教故事,宋,2,中,低,本生故事集有可读性但宗教浓
佛藏,菩萨本生鬘论,佛教故事,宋,3,中,低,本生故事集有可读性但宗教浓
佛藏,菩萨本缘经,佛教故事,魏晋南北朝,3,中,低,本生故事有可读性但宗教浓
佛藏,菩萨本行经,佛教故事,魏晋南北朝,1,中,低,本生故事有可读性但宗教浓
佛藏,菩萨睒子经,佛教故事,魏晋南北朝,1,中,低,睒子孝亲本生有情节但短小
佛藏,见闻录,佛教故事,清,1,中,低,因果见闻录有志怪味但杂记
佛藏,见闻录,佛教故事,清,1,中,低,因果见闻录有志怪味但杂记
佛藏,贤愚因缘经,佛教故事,魏晋南北朝,3,中,低,贤愚因缘故事生动但宗教浓
佛藏,贤愚经,佛教故事,魏晋南北朝,5,中,低,贤愚因缘故事生动但宗教浓
佛藏,过去现在因果经,佛教故事,魏晋南北朝,3,中,低,佛传因果有故事但宗教浓
佛藏,过去现在因果经,佛教故事,魏晋南北朝,3,中,低,佛传因果有故事但宗教浓
佛藏,那先比丘经,佛教故事,魏晋南北朝,1,中,低,那先问答有义理趣味偏说理
佛藏,那先比丘经,佛教故事,魏晋南北朝,1,中,低,那先问答有义理趣味偏说理
佛藏,释迦如来应化录,佛教故事,清,9,中,低,佛陀生平汇编有故事但宗教浓
佛藏,释迦谱,佛教故事,魏晋南北朝,10,中,低,佛传谱系有故事但偏文献
佛藏,释迦谱,佛教故事,魏晋南北朝,24,中,低,佛传谱系有故事但偏文献
佛藏,金色童子因缘经,佛教故事,宋,10,中,低,因缘故事有情节但宗教浓
佛藏,银色女经,佛教故事,魏晋南北朝,1,中,低,舍身本生有情节但短小宗教浓
佛藏,长寿王经,佛教故事,魏晋南北朝,1,中,低,长寿王忍辱本生有情节但短小
佛藏,阿育王传,佛教故事,魏晋南北朝,4,中,低,阿育王事迹有故事但宗教浓
佛藏,阿育王传,佛教故事,魏晋南北朝,5,中,低,阿育王事迹有故事但宗教浓
佛藏,阿育王子法益坏目因缘经,佛教故事,魏晋南北朝,10,中,低,因缘故事有情节但宗教浓
佛藏,阿育王息坏目因缘经,佛教故事,魏晋南北朝,10,中,低,因缘故事有情节但宗教浓
佛藏,阿育王经,佛教故事,魏晋南北朝,11,中,低,阿育王事迹有故事但宗教浓
佛藏,阿育王经,佛教故事,魏晋南北朝,14,中,低,阿育王事迹有故事但宗教浓
佛藏,阿难七梦经,佛教故事,魏晋南北朝,1,中,低,七梦预言有趣味但短小
佛藏,集神州三宝感通录,佛教故事,隋唐,3,中,低,三宝灵异感通有志怪味但宗教浓
佛藏,集神州三宝感通录,佛教故事,隋唐,5,中,低,三宝灵异感通有志怪味但宗教浓
佛藏,须摩提女经,佛教故事,魏晋南北朝,1,中,低,须摩提女故事有情节但短小
佛藏,须摩提女经,佛教故事,魏晋南北朝,2,中,低,须摩提女故事有情节但短小
佛藏,须摩提女经之二,佛教故事,魏晋南北朝,2,中,低,须摩提女故事异本短小
佛藏,黑氏梵志经,佛教故事,魏晋南北朝,1,中,低,梵志献花故事有趣味但短小
佛藏,龙树菩萨传,佛教故事,魏晋南北朝,1,中,低,龙树事迹有传奇色彩但短小专门
佛藏,龙树菩萨传,佛教故事,魏晋南北朝,1,中,低,龙树事迹有传奇色彩但短小专门
佛藏,龙树菩萨传之二,佛教故事,魏晋南北朝,1,中,低,龙树事迹异本短小专门
子藏,冥报记,佛教故事,隋唐,1,中,低,唐代因果报应故事，有情节偏说教
子藏,冥祥记,佛教故事,魏晋南北朝,2,中,低,释氏感应志怪，有故事偏说教
诗藏,六十种曲三元记,戏曲剧本,明,8,中,低,明传奇善恶报应剧，可读但小众
诗藏,六十种曲东郭记,戏曲剧本,明,19,中,低,孙仁孺讽世传奇，借孟子讽喻但小众
诗藏,六十种曲八义记,戏曲剧本,明,8,中,低,赵氏孤儿题材传奇，故事佳但小众
诗藏,六十种曲千金记,戏曲剧本,明,11,中,低,韩信故事传奇，楚汉题材但偏专
诗藏,六十种曲双烈记,戏曲剧本,明,19,中,低,梁红玉抗金传奇，故事佳但小众
诗藏,六十种曲双珠记,戏曲剧本,明,21,中,低,明传奇悲欢离合剧，可读但小众
诗藏,六十种曲四喜记,戏曲剧本,明,10,中,低,宋祁兄弟故事传奇，偏专小众
诗藏,六十种曲四贤记,戏曲剧本,明,17,中,低,明传奇贤德题材剧，说教偏多小众
诗藏,六十种曲寻亲记,戏曲剧本,明,8,中,低,周羽寻亲故事传奇，情节可读但小众
诗藏,六十种曲彩毫记,戏曲剧本,明,9,中,低,屠隆写李白传奇，文采佳但小众
诗藏,六十种曲怀香记,戏曲剧本,明,10,中,低,明传奇才子佳人剧，可读但小众
诗藏,六十种曲投梭记,戏曲剧本,明,15,中,低,谢鲲故事传奇，偏专小众
诗藏,六十种曲明珠记,戏曲剧本,明,10,中,低,无双传改编传奇，故事佳但小众
诗藏,六十种曲春芜记,戏曲剧本,明,6,中,低,明传奇爱情剧，可读但小众
诗藏,六十种曲灌园记,戏曲剧本,明,11,中,低,田单复国故事传奇，偏专小众
诗藏,六十种曲玉合记,戏曲剧本,明,10,中,低,柳氏传改编传奇，故事佳但小众
诗藏,六十种曲玉玦记,戏曲剧本,明,17,中,低,明传奇负心题材剧，可读但小众
诗藏,六十种曲玉环记,戏曲剧本,明,15,中,低,韦皋玉箫故事传奇，偏专小众
诗藏,六十种曲玉镜台记,戏曲剧本,明,7,中,低,温峤娶妇故事传奇，偏专小众
诗藏,六十种曲种玉记,戏曲剧本,明,12,中,低,明传奇姻缘题材剧，可读但小众
诗藏,六十种曲紫箫记,戏曲剧本,明,19,中,低,汤显祖早期未竟剧，文采佳但小众
诗藏,六十种曲红梨记,戏曲剧本,明,7,中,低,赵汝州谢素秋传奇，爱情可读但小众
诗藏,六十种曲节侠记,戏曲剧本,明,13,中,低,唐代节侠故事传奇，偏专小众
诗藏,六十种曲蕉帕记,戏曲剧本,明,15,中,低,明传奇才子佳人剧，可读但小众
诗藏,六十种曲西楼记,戏曲剧本,明,19,中,低,袁于令才子佳人传奇，可读但小众
诗藏,六十种曲赠书记,戏曲剧本,明,13,中,低,明传奇姻缘题材剧，可读但小众
诗藏,六十种曲运甓记,戏曲剧本,明,10,中,低,陶侃励志故事传奇，偏专小众
诗藏,六十种曲金莲记,戏曲剧本,明,11,中,低,苏轼生平故事传奇，偏专小众
诗藏,六十种曲金雀记,戏曲剧本,明,12,中,低,明传奇才子佳人剧，可读但小众
诗藏,六十种曲锦笺记,戏曲剧本,明,18,中,低,明传奇爱情题材剧，可读但小众
诗藏,六十种曲霞笺记,戏曲剧本,明,6,中,低,明传奇姻缘题材剧，可读但小众
诗藏,六十种曲飞丸记,戏曲剧本,明,16,中,低,明传奇悲欢离合剧，可读但小众
诗藏,六十种曲香囊记,戏曲剧本,明,10,中,低,张九成故事传奇，偏专说教小众
诗藏,六十种曲鸾鎞记,戏曲剧本,明,6,中,低,鱼玄机题材传奇，偏专小众
诗藏,六十种曲龙膏记,戏曲剧本,明,14,中,低,唐代爱情故事传奇，可读但小众
诗藏,化人游词曲,戏曲剧本,清,3,中,低,丁耀亢神仙游历杂剧，奇思但小众
诗藏,堂东老劝破家子弟,戏曲剧本,元,2,中,低,元杂剧劝戒败家剧，有故事但小众
诗藏,新编杨椒山表忠蚺蛇胆,戏曲剧本,明,9,中,低,杨继盛弹严嵩故事，忠烈题材但小众
诗藏,木皮散人鼓词,戏曲剧本,清,5,中,低,贾凫西咏史鼓词，讥世犀利但偏曲艺
诗藏,聊斋剧作三种,戏曲剧本,清,1,中,低,据聊斋改编剧作，借名气但篇短小众
诗藏,苏六娘,戏曲剧本,明,13,中,低,潮剧爱情名作，地方戏故事佳但方言专
诗藏,荔镜记荔枝记,戏曲剧本,明,34,中,低,陈三五娘潮泉爱情戏，地方名作但方言专
诗藏,金花女,戏曲剧本,明,8,中,低,潮剧爱情名作，地方戏故事佳但方言专
诗藏,须贾大夫谇范叔,戏曲剧本,元,20,中,低,范雎报恩故事元杂剧，有情节但小众
史藏,隋遗录,文言小说,隋唐,1,中,低,炀帝艳情轶闻，有趣但篇幅极短
子藏,三异笔谈,文言小说,清,2,中,低,清代志怪笔记，可读偏小众
子藏,东阳夜怪录,文言小说,隋唐,1,中,低,唐传奇精怪故事，趣味足篇幅短
子藏,丽情集,文言小说,宋,1,中,低,言情故事集残存，篇幅极短
子藏,义盗记,文言小说,明,1,中,低,侠盗故事，有趣但单篇极短
子藏,仙杂记,文言小说,隋唐,10,中,低,神仙志怪杂记，趣味偏小众
子藏,会昌解颐录,文言小说,隋唐,1,中,低,唐代笑谈故事，趣味篇幅短
子藏,前定录,文言小说,隋唐,2,中,低,宿命前定故事，趣味偏宿命论
子藏,南楚新闻,文言小说,隋唐,1,中,低,唐代轶事故事，趣味篇幅短
子藏,博异记,文言小说,隋唐,1,中,低,唐传奇志怪，有趣篇幅短
子藏,双卿笔记,文言小说,清,2,中,低,记才女贺双卿事，凄婉偏小众
子藏,古今奇闻类纪,文言小说,明,4,中,低,奇闻类编，趣味偏杂
子藏,同昌公主外传,文言小说,隋唐,1,中,低,唐代公主奢华轶事，趣味篇幅短
子藏,唐阙史,文言小说,隋唐,3,中,低,唐代逸事故事，趣味偏小众
子藏,国色天香,文言小说,明,30,中,低,明代言情传奇选集，通俗偏小众
子藏,埋忧续集,文言小说,清,3,中,低,志怪笔记续编，可读偏小众
子藏,埋忧集,文言小说,清,20,中,低,清代志怪笔记，可读偏小众
子藏,奇闻类记,文言小说,明,4,中,低,奇闻异事类编，趣味偏杂
子藏,妒记,文言小说,魏晋南北朝,1,中,低,记妒妇故事，趣味篇幅极短
子藏,孔氏志怪,文言小说,魏晋南北朝,1,中,低,六朝志怪残篇，资料价值篇幅短
子藏,宋艳,文言小说,清,14,中,低,宋代艳情轶事辑，趣味偏小众
子藏,春梦录,文言小说,元,1,中,低,元代言情传奇，凄婉篇幅短
子藏,汉宫春色,文言小说,不详,1,中,低,汉宫艳情小说，题材通俗篇幅短
子藏,灵应传,文言小说,隋唐,1,中,低,唐代神灵感应故事，趣味篇幅短
子藏,燕山外史,文言小说,清,2,中,低,骈文言情小说，独特偏小众
子藏,补张灵崔莹合传,文言小说,明,1,中,低,才子佳人合传，有情节但篇短小众
子藏,邺侯外传,文言小说,隋唐,1,中,低,李泌外传，传奇人物但篇短小众
子藏,钟情丽集,文言小说,明,5,中,低,明代才子佳人中篇，有情节但小众
子藏,韦十一娘传,文言小说,明,1,中,低,女侠传奇短篇，有情节但小众
子藏,高力士外传,文言小说,隋唐,1,中,低,高力士外传，宫廷人物但篇短小众
子藏,公冶长听鸟语纲常,神话寓言,明,1,中,低,民间神异故事，趣味单篇极短
子藏,玄中记,神话寓言,魏晋南北朝,1,中,低,古神话博物残篇，资料篇幅短
子藏,芙蓉镜寓言,神话寓言,清,18,中,低,清代寓言集，有教益但知名度低
道藏,周氏冥通记,神话寓言,魏晋南北朝,3,中,低,早期冥通志怪，有志怪价值偏专门
道藏,录异记,神话寓言,五代,2,中,低,杜光庭志怪集，有志怪趣味偏冷
道藏,汉武帝外传,神话寓言,魏晋南北朝,1,中,低,汉武求仙外传，有趣但残篇
道藏,江淮异人录,神话寓言,宋,1,中,低,异人志怪集，有趣味偏冷篇短
道藏,神仙感遇传,神话寓言,隋唐,3,中,低,仙人感遇志怪，有趣味偏冷
道藏,续仙传,神话寓言,五代,2,中,低,仙人传续编，有趣味偏冷
道藏,道教灵验记,神话寓言,隋唐,4,中,低,杜光庭灵验故事集，有趣偏宗教
道藏,西游录注,章回小说,清,3,中,低,西游记道教解注，偏专门考据
集藏,一层楼,章回小说,清,14,中,低,蒙古文人才子佳人小说，偏小众
集藏,七十二朝人物演义,章回小说,明,40,中,低,历史人物演义，篇幅大偏冷
集藏,上古秘史,章回小说,民国,71,中,低,民国上古历史演义，篇幅大偏冷
集藏,东汉秘史,章回小说,明,50,中,低,东汉历史演义，偏冷篇幅大
集藏,两晋秘史,章回小说,明,18,中,低,两晋历史演义，偏冷
集藏,两汉开国中兴传志,章回小说,明,9,中,低,两汉历史演义，偏冷
集藏,九云记,章回小说,清,21,中,低,仿九云梦才子佳人小说，偏冷
集藏,九尾狐,章回小说,清,30,中,低,晚清狭邪小说，偏色情小众
集藏,于公案,章回小说,清,19,中,低,清代公案小说，偏冷
集藏,五代秘史,章回小说,明,24,中,低,五代历史演义，偏冷
集藏,人海潮,章回小说,民国,16,中,低,民国社会小说，偏冷
集藏,侠义英雄传,章回小说,清,22,中,低,清代武侠小说，偏冷
集藏,儿女英雄传续儿女英雄传,章回小说,清,111,中,低,儿女英雄传续书合编，质量参差
集藏,冷眼观,章回小说,清,12,中,低,晚清谴责小说，偏冷
集藏,前后七国志,章回小说,清,10,中,低,战国历史演义，偏冷
集藏,前明正德白牡丹,章回小说,清,13,中,低,正德游龙传说，通俗偏冷
集藏,劫余灰,章回小说,清,3,中,低,晚清苦情小说，偏冷
集藏,历代兴衰演义,章回小说,清,47,中,低,通史演义，篇幅大偏冷
集藏,双凤奇缘,章回小说,清,15,中,低,昭君出塞题材小说，偏冷
集藏,周朝秘史,章回小说,明,34,中,低,周朝历史演义，偏冷篇幅大
集藏,唐书志传,章回小说,明,15,中,低,唐初历史演义，偏冷
集藏,唐书志传通俗演义,章回小说,明,24,中,低,唐初历史演义，偏冷
集藏,唐代宫廷艳史,章回小说,民国,32,中,低,唐代宫廷艳史，偏色情小众
集藏,唐朝开国演义,章回小说,清,133,中,低,唐初历史演义，篇幅大偏冷
集藏,夏商野史,章回小说,清,33,中,低,夏商历史演义，偏冷
集藏,大八义,章回小说,清,15,中,低,清代侠义小说，偏冷
集藏,大明奇侠传,章回小说,清,13,中,低,清代侠义小说，偏冷
集藏,大明正德游江南,章回小说,清,4,中,低,正德游江南传说，通俗偏冷
集藏,大马扁,章回小说,清,3,中,低,讽刺康有为政治小说，偏冷
集藏,女娲石,章回小说,清,5,中,低,晚清女权幻想小说，偏冷
集藏,宋公明排九宫八卦阵,章回小说,明,16,中,低,水浒衍生战阵题材，偏冷
集藏,宋太祖三下南唐,章回小说,清,9,中,低,赵匡胤征南唐演义，偏冷
集藏,定鼎奇闻,章回小说,清,13,中,低,明清易代历史小说，偏冷
集藏,宦海升沉录,章回小说,清,8,中,低,晚清官场谴责小说，偏冷
集藏,宦海钟,章回小说,清,15,中,低,晚清官场谴责小说，偏冷
集藏,小五虎演义,章回小说,清,57,中,低,清代侠义小说，偏冷篇幅大
集藏,小八义,章回小说,清,98,中,低,清代侠义小说，偏冷篇幅大
集藏,岭南逸史,章回小说,清,14,中,低,岭南英雄传奇，地域性偏冷
集藏,希夷梦海国春秋,章回小说,清,89,中,低,寓言式长篇小说，偏冷篇幅大
集藏,常言道,章回小说,清,6,中,低,讽刺世情小说，俗谚成书有趣偏冷
集藏,平金川,章回小说,清,9,中,低,征金川历史演义，偏冷
集藏,廿载繁华梦,章回小说,清,8,中,低,晚清谴责小说，偏冷
集藏,情变,章回小说,清,6,中,低,吴趼人言情小说，偏冷
集藏,扫迷帚,章回小说,清,5,中,低,破除迷信讽刺小说，偏冷
集藏,明珠缘,章回小说,明,108,中,低,篇幅大有故事，但今人罕知
集藏,春阿氏谋夫案,章回小说,清,5,中,低,清末真实命案改编，题材尚有趣
集藏,李公案,章回小说,清,8,中,低,公案系列，故事尚可知名度低
集藏,林公案,章回小说,清,11,中,低,林则徐公案，题材有看点
集藏,林兰香,章回小说,清,12,中,低,世情小说仿红楼，文人评价尚可
集藏,梁山五虎大劫牢,章回小说,清,9,中,低,水浒衍生故事，借势有看点
集藏,梁武帝演义,章回小说,清,39,中,低,帝王演义有故事，今人罕读
集藏,樵史演义,章回小说,清,14,中,低,明末时事演义，史料兴味
集藏,比目鱼,章回小说,清,3,中,低,李渔风格小说，趣味尚可
集藏,永庆升平前传,章回小说,清,17,中,低,侠义公案小说，故事尚可
集藏,永庆升平后传,章回小说,清,12,中,低,侠义公案续书，故事尚可
集藏,泣红亭,章回小说,清,28,中,低,蒙古文人才子佳人小说，小众
集藏,泪珠缘,章回小说,清,10,中,低,仿红楼世情小说，知名度低
集藏,活地狱,章回小说,清,7,中,低,李伯元谴责小说，揭黑有力
集藏,海上尘天影,章回小说,清,33,中,低,狭邪小说，篇幅大知名度低
集藏,海角遗编,章回小说,清,11,中,低,明末抗清时事小说，史料兴味
集藏,混唐后传,章回小说,清,6,中,低,隋唐演义衍生，故事尚可
集藏,清朝三百年艳史演义,章回小说,民国,26,中,低,清宫艳史演义，质量参差
集藏,清朝秘史,章回小说,民国,207,中,低,清史演义巨帙，今人罕读
集藏,狐狸缘全传,章回小说,清,5,中,低,狐仙志怪小说，趣味尚可
集藏,瑶华传,章回小说,清,15,中,低,女侠神魔小说，有奇趣
集藏,留东外史续集,章回小说,民国,69,中,低,留东外史续篇，篇幅大趣味同
集藏,皇清秘史,章回小说,民国,49,中,低,清宫秘史演义，质量参差
集藏,盘古至唐虞传,章回小说,明,3,中,低,上古神话演义，题材有趣
集藏,禅真后史,章回小说,明,22,中,低,神魔世情小说续书，小众
集藏,禅真逸史,章回小说,明,22,中,低,明代神魔小说，故事尚可
集藏,禽海石,章回小说,清,2,中,低,晚清言情小说，反礼教有新意
集藏,秦王逸史,章回小说,清,41,中,低,隋唐题材演义，故事尚可
集藏,章台柳,章回小说,清,3,中,低,韩翃柳氏故事，唐传奇有名
集藏,第一奇女,章回小说,清,59,中,低,女侠传奇长篇，故事尚可
集藏,红楼春梦,章回小说,清,65,中,低,红楼续书艳情向，质量参差
集藏,红楼梦影,章回小说,清,8,中,低,红楼续书，借势有读者
集藏,绘芳录红闺春梦,章回小说,清,36,中,低,世情言情长篇，小众
集藏,绣鞋记,章回小说,清,7,中,低,公案世情小说，故事尚可
集藏,续侠义传,章回小说,清,8,中,低,三侠五义续书，有大众缘
集藏,续水浒传,章回小说,清,8,中,低,水浒续书，借势有读者
集藏,续红楼梦新编,章回小说,清,15,中,低,红楼续书，借势有读者
集藏,续英烈传,章回小说,清,4,中,低,英烈传续书，故事尚可
集藏,续金瓶梅,章回小说,清,63,中,低,金瓶梅续书，因果说教重
集藏,续镜花缘,章回小说,清,7,中,低,镜花缘续书，借势有读者
集藏,绮楼重梦,章回小说,清,16,中,低,红楼续书，借势有读者
集藏,胡涂世界,章回小说,清,6,中,低,吴趼人讽世小说，有揭黑趣味
集藏,草木春秋演义,章回小说,清,15,中,低,药名拟人演义，新奇但小众
集藏,蜃楼志,章回小说,清,14,中,低,广东世情小说，有地方特色
集藏,补红楼梦,章回小说,清,12,中,低,红楼续书，借势有读者
集藏,警世阴阳梦,章回小说,明,9,中,低,写魏忠贤时事小说，史料兴味
集藏,负曝闲谈,章回小说,清,8,中,低,晚清谴责小说，揭黑尚可
集藏,赵太祖三下南唐,章回小说,清,7,中,低,赵匡胤演义，故事尚可
集藏,轰天雷,章回小说,清,5,中,低,写沈荩政治小说，有时事兴味
集藏,辽海丹忠录,章回小说,明,9,中,低,明末辽东抗金小说，史料兴味
集藏,邻女语,章回小说,清,8,中,低,庚子事变社会小说，有史料兴味
集藏,金台全传,章回小说,清,12,中,低,周侗金台侠义小说，故事尚可
集藏,金屋梦,章回小说,清,22,中,低,续金瓶梅别名，因果说教重
集藏,金陵秋,章回小说,民国,6,中,低,辛亥革命言情小说，有史料兴味
集藏,锋剑春秋,章回小说,清,14,中,低,孙膑斗法神魔小说，有奇趣
集藏,锦香亭,章回小说,清,8,中,低,唐代背景才子佳人，故事尚可
集藏,雪月梅,章回小说,清,9,中,低,才子佳人英雄小说，故事尚可
集藏,雪鸿泪史,章回小说,清,35,中,低,言情小说仿红楼，篇幅大小众
集藏,青楼梦,章回小说,清,30,中,低,狭邪言情小说，仿红楼小众
集藏,风月梦,章回小说,清,5,中,低,狭邪小说写扬州风月偏小众
集藏,飞剑记,章回小说,明,4,中,低,吕洞宾仙传神魔小说篇幅短
集藏,飞花咏,章回小说,清,10,中,低,才子佳人小说套路化偏小众
集藏,飞跎全传,章回小说,清,5,中,低,讽刺谐谑小说有趣但知名度低
集藏,鬼谷四友志,章回小说,清,4,中,低,写苏秦张仪等战国故事偏小众
集藏,魏阉全传,章回小说,明,33,中,低,斥魏忠贤时事小说题材冷门
集藏,黄绣球,章回小说,清,10,中,低,晚清女性启蒙小说有思想价值
集藏,鼓掌绝尘,章回小说,明,23,中,低,风月才子小说有可读性但小众
儒藏,孔丛子,笔记小说,汉,3,中,低,孔门言行杂记偏经学专门
史藏,三冈识略,笔记小说,清,31,中,低,清代见闻笔记内容杂偏小众
史藏,三国遗事,笔记小说,元,35,中,低,朝鲜史事遗闻偏域外专门
史藏,三垣笔记,笔记小说,清,7,中,低,明末朝政见闻偏史料专门
史藏,东斋记事,笔记小说,宋,4,中,低,宋代朝野杂记有掌故偏琐碎
史藏,东明闻见录,笔记小说,清,7,中,低,南明见闻录偏史料专门
史藏,东观奏记,笔记小说,隋唐,2,中,低,唐代朝政实录偏史料专门
史藏,中朝故事,笔记小说,五代,1,中,低,唐代朝廷故事残篇有掌故偏专门
史藏,云麓漫钞,笔记小说,宋,13,中,低,宋代知名笔记，偏考据但内容丰富
史藏,五代史补,笔记小说,宋,6,中,低,补五代史事，有掌故但偏史料
史藏,五代新说,笔记小说,隋唐,2,中,低,分类辑录五代逸事，故事性尚可
史藏,今言,笔记小说,明,11,中,低,明代朝野掌故，内容较丰
史藏,养吉斋丛录,笔记小说,清,12,中,低,清宫掌故典制，史料丰富
史藏,凤洲杂编,笔记小说,明,11,中,低,王世贞辑掌故，名家但偏史料
史藏,北东园笔录,笔记小说,清,23,中,低,清代劝善因果笔记，可读性中等
史藏,南越笔记,笔记小说,清,18,中,低,记岭南风物，民俗博物有趣
史藏,南部新书,笔记小说,宋,9,中,低,辑唐代朝野旧事，掌故较丰
史藏,台海见闻录,笔记小说,清,9,中,低,记台湾风土，有地方民俗看点
史藏,台阳笔记,笔记小说,清,6,中,低,清代台湾见闻，风土有趣味
史藏,台阳见闻录,笔记小说,清,24,中,低,台湾风物见闻，地方志趣味
史藏,听雨丛谈,笔记小说,清,33,中,低,记清代典制掌故，史料丰富
史藏,啸亭杂录,笔记小说,清,18,中,低,昭梿记清代掌故，史料价值高
史藏,啸亭续录,笔记小说,清,8,中,低,啸亭杂录续编，掌故较丰
史藏,四朝闻见录,笔记小说,宋,3,中,低,记南宋四朝朝野，掌故较丰
史藏,墨客挥犀,笔记小说,宋,3,中,低,辑宋人诗话逸事，趣味尚可
史藏,大唐传载,笔记小说,隋唐,2,中,低,唐代轶事辑，故事性尚可
史藏,天咫偶闻,笔记小说,清,11,中,低,记北京掌故风物，地方趣味
史藏,安乐康平室随笔,笔记小说,民国,5,中,低,朱彭寿记清末掌故，史料尚可
史藏,家世旧闻,笔记小说,宋,2,中,低,陆游记家族旧事，温情可读
史藏,宾退录,笔记小说,宋,3,中,低,赵与时考据笔记，偏学问
史藏,寓圃杂记,笔记小说,明,8,中,低,记明代吴中掌故，趣味尚可
史藏,封氏闻见记,笔记小说,隋唐,3,中,低,封演记唐代典制风俗，史料佳
史藏,岁华忆语,笔记小说,清,2,中,低,记南京岁时风俗，民俗趣味
史藏,广阳杂记,笔记小说,清,20,中,低,刘献廷记游历见闻，内容博杂
史藏,庸盦笔记,笔记小说,清,25,中,低,薛福成记晚清见闻，掌故较丰
史藏,张文襄幕府纪闻,笔记小说,民国,2,中,低,记张之洞幕府轶事，名人掌故
史藏,归潜志,笔记小说,辽金,6,中,低,刘祁记金末人物史事，史料佳
史藏,挥麈录,笔记小说,宋,12,中,低,王明清记宋代朝野，掌故丰富
史藏,文昌杂录,笔记小说,宋,7,中,低,庞元英记宋代典制，史料尚可
史藏,旧京遗事,笔记小说,明,1,中,低,记明末京城旧事，怀旧尚可
史藏,春明梦录,笔记小说,民国,3,中,低,记清末京官见闻，掌故尚可
史藏,春明退朝录,笔记小说,宋,2,中,低,宋敏求记朝廷典制，史料佳
史藏,曲洧旧闻,笔记小说,宋,4,中,低,朱弁记北宋旧事，掌故较丰
史藏,朝野新谭,笔记小说,明,23,中,低,辑明代朝野旧事，内容较丰
史藏,松漠纪闻,笔记小说,宋,2,中,低,洪皓记金国风土，史料珍贵
史藏,松窗梦语,笔记小说,明,4,中,低,张瀚记游历见闻世风，可读
史藏,枣林杂俎,笔记小说,清,59,中,低,谈迁记明代掌故，史料丰富
史藏,梦蕉亭杂记,笔记小说,清,2,中,低,陈夔龙记晚清政事，掌故尚可
史藏,榆巢杂识,笔记小说,清,15,中,低,记清代典制掌故，史料尚可
史藏,檐曝杂记,笔记小说,清,7,中,低,赵翼记见闻典制，名家掌故
史藏,水东日记,笔记小说,明,55,中,低,叶盛记明代典章见闻，史料丰富
史藏,水窗春呓,笔记小说,清,4,中,低,记晚清漕运掌故，趣味尚可
史藏,池北偶谈,笔记小说,清,44,中,低,王士禛记掌故谈艺，内容博杂
史藏,洛阳缙绅旧闻记,笔记小说,宋,1,中,低,记洛阳士族旧闻，掌故尚可
史藏,涑水记闻,笔记小说,宋,8,中,低,司马光记宋代朝政旧事，史料佳
史藏,清波杂志,笔记小说,宋,8,中,低,周煇记两宋杂事掌故，史料佳
史藏,湘山野录,笔记小说,宋,1,中,低,僧文莹记宋初朝野逸事，可读
史藏,熙朝乐事,笔记小说,明,1,中,低,记杭州岁时风俗残篇，民俗尚可
史藏,熙朝新语,笔记小说,清,20,中,低,辑清代盛世逸闻，故事尚可
史藏,独醒杂志,笔记小说,宋,6,中,低,曾敏行记两宋旧事，掌故较丰
史藏,玉照新志,笔记小说,宋,4,中,低,王明清记宋代杂事，掌故尚可
史藏,皇明典故纪闻,笔记小说,明,27,中,低,记明朝典章掌故，史料丰富
史藏,皇明奇事述,笔记小说,明,6,中,低,辑明代奇闻异事，故事性尚可
史藏,皇明盛事述,笔记小说,明,7,中,低,辑明代盛事，掌故性较强
史藏,石林燕语,笔记小说,宋,5,中,低,叶梦得记宋代典制旧事，史料佳
史藏,砚北杂志,笔记小说,元,5,中,低,陆友记元代文苑杂事，趣味尚可
史藏,立斋闲录,笔记小说,明,10,中,低,辑明代典故旧事，史料尚可
史藏,竹叶亭杂记,笔记小说,清,12,中,低,记清代典制风俗，掌故较丰
史藏,粤游见闻,笔记小说,清,3,中,低,记岭南游历见闻，风土尚可
史藏,继世纪闻,笔记小说,明,2,中,低,陈洪谟记明武宗朝事，掌故尚可
史藏,耆旧续闻,笔记小说,宋,2,中,低,陈鹄记宋代文苑旧事，趣味尚可
史藏,至正直记,笔记小说,元,13,中,低,孔齐记元末江南见闻，史料较丰
史藏,花当阁丛谈,笔记小说,明,16,中,低,徐复祚记明代轶事戏曲，趣味尚可
史藏,荷牐丛谈,笔记小说,清,9,中,低,记明末清初杂事，掌故尚可
史藏,菽园杂记,笔记小说,明,11,中,低,陆容记明代朝野见闻，史料佳
史藏,萍洲可谈,笔记小说,宋,3,中,低,朱彧记宋代海外贸易风俗，史料珍
史藏,蕉廊脞录,笔记小说,清,12,中,低,吴庆坻记清代掌故轶闻，史料尚可
史藏,蕉轩随录,笔记小说,清,15,中,低,记清代典制掌故，史料尚可
史藏,藤阴杂记,笔记小说,清,12,中,低,记北京名胜掌故，地方趣味
史藏,西使记,笔记小说,元,1,中,低,记元使西域见闻，史料珍贵
史藏,西塘集耆旧续闻,笔记小说,宋,6,中,低,记宋代文苑旧闻，趣味尚可
史藏,西子湖拾翠余谈,笔记小说,清,2,中,低,记西湖名胜掌故，风物尚可
史藏,西清笔记,笔记小说,清,2,中,低,沈初记清宫见闻，掌故尚可
史藏,见闻杂记,笔记小说,明,38,中,低,李乐记明代世风见闻，史料较丰
史藏,觚不觚录,笔记小说,明,1,中,低,王世贞记明代典制变迁，史料佳
史藏,识小录,笔记小说,明,35,中,低,辑明代琐闻杂事，内容较杂
史藏,道山清话,笔记小说,宋,2,中,低,记北宋朝野清谈逸事，趣味尚可
史藏,邵氏闻见前录,笔记小说,宋,3,中,低,邵伯温记北宋见闻，史料佳
史藏,邵氏闻见后录,笔记小说,宋,6,中,低,邵博记宋代见闻杂考，史料佳
史藏,邵氏闻见录,笔记小说,宋,8,中,低,邵伯温记两宋见闻，史料价值高
史藏,郎潜纪闻三笔,笔记小说,清,9,中,低,陈康祺记清代掌故，史料较丰
史藏,郎潜纪闻二笔,笔记小说,清,14,中,低,陈康祺记清代掌故，史料较丰
史藏,郎潜纪闻初笔,笔记小说,清,15,中,低,陈康祺记清代掌故，史料较丰
史藏,野记,笔记小说,明,9,中,低,祝允明记明初野史，掌故较丰
史藏,金陵琐事,笔记小说,明,22,中,低,周晖记南京掌故风物，地方趣味
史藏,鉴诫录,笔记小说,五代,3,中,低,何光远记唐五代逸事，趣味尚可
史藏,钱氏私志,笔记小说,宋,1,中,低,钱氏记北宋宫闱轶事，趣味尚可
史藏,闻见近录,笔记小说,宋,1,中,低,王巩记北宋朝野近事，掌故尚可
史藏,阅世编,笔记小说,清,7,中,低,记上海明清世态人情，史料生动但偏地方专门
史藏,默记,笔记小说,宋,3,中,低,王铚记北宋朝野轶事，可读偏小众
史藏,龙川别志,笔记小说,宋,2,中,低,苏辙记朝政轶事，可读偏专门
子藏,东轩笔录,笔记小说,宋,5,中,低,记北宋政事轶闻，可读偏专门
子藏,事实类苑,笔记小说,宋,43,中,低,宋代轶事类编，资料丰富偏工具书
子藏,云仙杂记,笔记小说,隋唐,10,中,低,唐人轶闻奇趣多但真伪杂
子藏,优语录,笔记小说,宋,1,中,低,伶人谐语辑录，有趣篇幅短
子藏,何氏语林,笔记小说,明,30,中,低,仿世说新语之作，可读偏小众
子藏,侯鲭录,笔记小说,宋,5,中,低,赵令畤记轶事诗话，可读偏专门
子藏,俗说,笔记小说,魏晋南北朝,1,中,低,仿世说残篇，篇幅极短
子藏,分甘余话,笔记小说,清,6,中,低,王士禛杂记，可读偏小众
子藏,剪胜野闻,笔记小说,明,1,中,低,明初宫闱轶闻，有趣篇幅短
子藏,十叶野闻,笔记小说,清,5,中,低,清宫野史轶闻，趣味偏小众
子藏,南唐近事,笔记小说,宋,2,中,低,南唐宫廷轶事，可读偏专门
子藏,南部新书,笔记小说,宋,10,中,低,唐代轶事汇编，资料丰富偏专门
子藏,古今说海,笔记小说,明,59,中,低,小说丛书类编，资料丰富偏工具书
子藏,古夫于亭杂录,笔记小说,清,8,中,低,王士禛考辨杂记，可读偏专门
子藏,古杭杂记,笔记小说,元,1,中,低,杭州旧事杂记，趣味篇幅短
子藏,后山谈丛,笔记小说,宋,13,中,低,陈师道记轶闻杂事，可读偏专门
子藏,四友斋丛说,笔记小说,明,26,中,低,何良俊掌故丛谈，资料丰富偏专门
子藏,四朝闻见录,笔记小说,宋,8,中,低,南宋朝政见闻，可读偏专门
子藏,在园杂志,笔记小说,清,11,中,低,清代见闻杂记，可读偏小众
子藏,坚瓠集,笔记小说,清,213,中,低,褚人获掌故类编，资料海量偏工具书
子藏,墨客挥犀,笔记小说,宋,4,中,低,宋代轶闻杂记，可读偏小众
子藏,墨庄漫录,笔记小说,宋,5,中,低,宋代谈艺考辨杂记，可读偏专门
子藏,大唐传载,笔记小说,隋唐,2,中,低,唐代轶事杂载，可读偏小众
子藏,宋稗类钞,笔记小说,清,23,中,低,宋代轶事类编，资料丰富偏工具书
子藏,客座赘语,笔记小说,明,20,中,低,南京风土掌故，资料丰富偏地方
子藏,客窗闲话续集,笔记小说,清,3,中,低,志怪故事续集，可读偏小众
子藏,寄园寄所寄,笔记小说,清,62,中,低,清代分类杂纂，资料丰富偏工具书
子藏,尧山堂外纪,笔记小说,明,62,中,低,历代人物轶事类编，资料丰富偏工具书
子藏,山水小牍,笔记小说,隋唐,2,中,低,唐代山水轶事故事，趣味偏小众
子藏,巢林笔谈,笔记小说,清,11,中,低,龚炜随笔杂谈，可读偏小众
子藏,巢林笔谈续编,笔记小说,清,5,中,低,随笔续编，可读偏小众
子藏,幽闲鼓吹,笔记小说,隋唐,1,中,低,唐代轶事故事，趣味篇幅短
子藏,广陵妖乱志,笔记小说,隋唐,1,中,低,唐末扬州乱事故事，趣味篇幅短
子藏,庚巳编,笔记小说,明,12,中,低,陆粲志怪杂记，可读偏小众
子藏,庸闲斋笔记,笔记小说,清,9,中,低,陈其元见闻杂记，可读偏小众
子藏,开天传信记,笔记小说,隋唐,1,中,低,开元天宝轶事，趣味篇幅短
子藏,异辞录,笔记小说,清,8,中,低,清末轶闻杂记，可读偏小众
子藏,异闻总录,笔记小说,宋,2,中,低,志怪异闻辑录，趣味偏小众
子藏,归田琐记,笔记小说,清,14,中,低,梁章钜归田杂记，可读偏小众
子藏,录异传,笔记小说,魏晋南北朝,1,中,低,六朝志怪残篇，资料篇幅短
子藏,志怪,笔记小说,魏晋南北朝,1,中,低,六朝志怪残篇，资料篇幅短
子藏,志怪录,笔记小说,魏晋南北朝,3,中,低,六朝志怪辑录，趣味偏小众
子藏,快园道古,笔记小说,明,9,中,低,张岱辑古人言行，可读偏小众
子藏,戎幕闲谈,笔记小说,隋唐,1,中,低,唐代幕府闲谈故事，趣味篇幅短
子藏,戒庵老人漫笔,笔记小说,明,26,中,低,李诩明代见闻杂记，资料丰富偏专门
子藏,投辖录,笔记小说,宋,3,中,低,宋代志怪轶事，趣味偏小众
子藏,括异志,笔记小说,宋,4,中,低,宋代志怪集，趣味偏小众
子藏,拾遗录,笔记小说,魏晋南北朝,4,中,低,古代轶闻辑录，趣味偏杂
子藏,挥麈录,笔记小说,宋,8,中,低,王明清记宋代朝野故实，可读偏专门
子藏,搜神秘览,笔记小说,宋,4,中,低,宋代志怪辑录，趣味偏小众
子藏,搜神记句道兴本,笔记小说,隋唐,1,中,低,搜神记敦煌异本，资料价值篇幅短
子藏,断袖篇,笔记小说,明,2,中,低,男色轶事辑录，题材特殊偏小众
子藏,新世说,笔记小说,民国,24,中,低,仿世说记近世人物，可读偏小众
子藏,明皇杂录,笔记小说,隋唐,1,中,低,唐玄宗朝轶事，趣味篇幅短
子藏,明语林,笔记小说,清,11,中,低,仿世说记明人言行，可读偏小众
子藏,春冰室野乘,笔记小说,清,8,中,低,清代野史轶闻，可读偏小众
子藏,春渚纪闻,笔记小说,宋,5,中,低,何薳志怪轶事杂记，可读偏小众
子藏,曲洧旧闻,笔记小说,宋,5,中,低,朱弁记北宋旧事，可读偏专门
子藏,杜阳杂编,笔记小说,隋唐,3,中,低,唐代珍异奇闻，趣味偏小众
子藏,杨文公谈苑,笔记小说,宋,19,中,低,杨亿谈艺轶事辑录，可读偏专门
子藏,松窗杂录,笔记小说,隋唐,1,中,低,唐代宫闱轶事，趣味篇幅短
子藏,桂苑丛谈,笔记小说,隋唐,1,中,低,唐代轶事故事，趣味篇幅短
子藏,桯史,笔记小说,宋,3,中,低,岳珂记两宋朝野见闻，可读偏专门
子藏,次柳氏旧闻,笔记小说,隋唐,1,中,低,唐玄宗朝旧闻，趣味篇幅短
子藏,水东日记,笔记小说,明,17,中,低,叶盛明代见闻杂记，资料丰富偏专门
子藏,江淮异人录,笔记小说,宋,2,中,低,江淮奇人异士故事，趣味偏小众
子藏,泊宅编,笔记小说,宋,5,中,低,方勺记宋代轶事，可读偏专门
子藏,洛阳搢绅旧闻记,笔记小说,宋,2,中,低,记五代洛阳旧事，可读偏专门
子藏,浪迹三谈,笔记小说,清,8,中,低,梁章钜见闻杂谈，可读偏小众
子藏,浪迹丛谈,笔记小说,清,12,中,低,梁章钜见闻杂谈，可读偏小众
子藏,浪迹续谈,笔记小说,清,9,中,低,梁章钜见闻杂谈，可读偏小众
子藏,涉异志,笔记小说,宋,2,中,低,宋代志怪辑录，趣味偏小众
子藏,涌幢小品,笔记小说,明,56,中,低,朱国祯明代掌故，资料丰富偏专门
子藏,涑水记闻,笔记小说,宋,7,中,低,司马光记北宋朝政旧闻，可读偏专门
子藏,清波杂志,笔记小说,宋,7,中,低,周煇记宋代旧事，可读偏专门
子藏,渑水燕谈录,笔记小说,宋,5,中,低,王辟之记北宋轶事，可读偏专门
子藏,湘山野录,笔记小说,宋,3,中,低,文莹记宋代朝野轶事，可读偏专门
子藏,灵鬼志,笔记小说,魏晋南北朝,1,中,低,六朝志怪残篇，资料篇幅短
子藏,独醒杂志,笔记小说,宋,4,中,低,曾敏行记宋代轶事，可读偏专门
子藏,玉堂丛语,笔记小说,明,11,中,低,焦竑记翰林轶事，可读偏专门
子藏,玉堂闲话,笔记小说,五代,4,中,低,五代轶事杂谈，可读偏小众
子藏,玉壶野史,笔记小说,宋,5,中,低,文莹记宋代朝野旧事，可读偏专门
子藏,玉泉子,笔记小说,隋唐,1,中,低,唐代轶事故事，趣味篇幅短
子藏,玉照新志,笔记小说,宋,3,中,低,王明清记宋代旧事，可读偏专门
子藏,玉芝堂谈荟,笔记小说,明,23,中,低,徐应秋分类谈荟，资料丰富偏工具书
子藏,珍珠船,笔记小说,明,9,中,低,陈继儒辑摘趣闻，资料偏杂
子藏,琅嬛记,笔记小说,元,3,中,低,记神异传说杂事，有趣味但偏小众
子藏,甄异传,笔记小说,魏晋南北朝,1,中,低,六朝志怪辑佚，有志怪价值但残缺
子藏,益智录,笔记小说,清,22,中,低,仿聊斋志怪小说集，可读但知名度低
子藏,睽车志,笔记小说,宋,2,中,低,宋代志怪录鬼神，有故事但小众
子藏,稽神录,笔记小说,宋,10,中,低,徐铉志怪集鬼神灵异，可读但小众
子藏,续异记,笔记小说,魏晋南北朝,1,中,低,六朝志怪辑佚残篇，有价值但残缺
子藏,群居解颐,笔记小说,隋唐,1,中,低,唐人笑话集，诙谐可读但残缺小众
子藏,耳书鲊话,笔记小说,清,5,中,低,清代志怪杂话，有故事但小众
子藏,耳新,笔记小说,明,5,中,低,明代见闻志异，可读但知名度低
子藏,耳谈,笔记小说,明,26,中,低,王同轨志怪集，故事多但偏小众
子藏,耳食录,笔记小说,清,18,中,低,清代志怪小说集，仿聊斋可读但小众
子藏,茅亭客话,笔记小说,宋,3,中,低,黄休复记蜀地异闻，有故事但小众
子藏,菽园杂记,笔记小说,明,7,中,低,陆容明代杂记，掌故可读但偏考据
子藏,萍洲可谈,笔记小说,宋,2,中,低,朱彧记海贸风俗，史料有趣但小众
子藏,萤窗清玩,笔记小说,清,13,中,低,清代志怪杂集，有故事但知名度低
子藏,谈薮,笔记小说,魏晋南北朝,1,中,低,南北朝轶事谐谈，可读但残缺小众
子藏,谐噱录,笔记小说,隋唐,2,中,低,唐代笑话集，诙谐可读但小众
子藏,还冤志,笔记小说,魏晋南北朝,1,中,低,颜之推记冤报因果，志怪有趣但残缺
子藏,通天乐,笔记小说,清,5,中,低,清代劝世志怪，有故事但说教偏多
子藏,道听途说,笔记小说,清,13,中,低,清代志怪集，故事可读但知名度低
子藏,醉茶志怪,笔记小说,清,9,中,低,清末志怪小说集，仿聊斋但知名度低
子藏,里乘,笔记小说,清,12,中,低,许奉恩志怪集，仿聊斋故事但小众
子藏,鉴诫录,笔记小说,五代,3,中,低,五代轶事鉴诫，有故事但偏说教小众
子藏,铁围山丛谈,笔记小说,宋,4,中,低,蔡绦记北宋掌故，史料有趣但偏考据
子藏,闲窗括异志,笔记小说,宋,1,中,低,宋代志怪括异，有故事但残缺小众
子藏,闻见后录,笔记小说,宋,8,中,低,邵博记宋代见闻，掌故可读但偏考据
子藏,闻见录,笔记小说,宋,5,中,低,邵伯温记北宋见闻，史料丰富偏考据
子藏,香畹楼忆语,笔记小说,清,1,中,低,忆语体悼亡小品，情真但篇短小众
子藏,高坡异纂,笔记小说,明,2,中,低,明代志异杂纂，有故事但小众
子藏,魏晋世语,笔记小说,魏晋南北朝,1,中,低,魏晋史事辑佚，有轶事但残缺小众
子藏,鸡肋编,笔记小说,宋,4,中,低,庄绰记两宋风俗轶事，史料有趣但偏专
子藏,默记,笔记小说,宋,2,中,低,王铚记北宋轶事，掌故有趣但小众
子藏,齐谐记,笔记小说,魏晋南北朝,1,中,低,六朝志怪辑佚残篇，有价值但残缺
子藏,龙城录,笔记小说,隋唐,1,中,低,托名柳宗元志怪，含赵师雄梅花梦但残
诗藏,剧谈录,笔记小说,隋唐,2,中,低,唐人轶事杂谈，有故事但残缺小众
道藏,坐花志果,笔记小说,清,8,中,低,清代因果笔记，有故事但说教味重
集藏,秦淮画舫录,笔记小说,清,16,中,低,秦淮青楼笔记，风俗兴味
集藏,解愠编,笔记小说,明,5,中,低,明代笑话集，趣味尚可
集藏,贵耳集,笔记小说,宋,6,中,低,宋代笔记，掌故有兴味
集藏,雪涛谐史,笔记小说,明,3,中,低,明代笑话集，趣味尚可
史藏,鼎镌国朝名公神断详刑公案,话本拟话本,明,5,中,低,明代公案话本，故事性强但通俗小众
子藏,详刑公案,话本拟话本,明,3,中,低,明代公案小说，断案故事但偏粗糙
集藏,七国春秋平话,话本拟话本,元,4,中,低,元代讲史平话，史料价值偏冷
集藏,万锦情林,话本拟话本,明,39,中,低,明代话本选集，偏专门
集藏,二刻醒世恒言,话本拟话本,清,9,中,低,托名续书，质量参差偏冷
集藏,五色石,话本拟话本,清,9,中,低,清代拟话本集，偏冷
集藏,俗话倾谈,话本拟话本,清,8,中,低,粤语劝世故事集，偏小众
集藏,全相平话,话本拟话本,元,24,中,低,元代讲史平话集，史料偏专门
集藏,前汉书平话,话本拟话本,元,7,中,低,元代讲史平话，史料偏专门
集藏,大唐秦王词话,话本拟话本,明,38,中,低,李世民词话体演义，偏专门
集藏,廉明公案,话本拟话本,明,3,中,低,明代公案故事集，偏冷
集藏,新民公案,话本拟话本,明,8,中,低,明代公案故事集，偏冷
集藏,海刚峰先生居官公案传,话本拟话本,明,9,中,低,海瑞公案早本，研究兴味
集藏,清夜钟,话本拟话本,清,7,中,低,明末白话短篇集，故事尚可
集藏,照世杯,话本拟话本,清,3,中,低,清代讽刺话本，趣味尚可
集藏,熊龙峰小说四种,话本拟话本,明,5,中,低,明刊话本辑存，研究价值
集藏,蓝公案,话本拟话本,清,13,中,低,蓝鼎元公案，故事真实有趣
集藏,跻春台,话本拟话本,清,57,中,低,清末劝善话本集，民间风俗兴味
集藏,连城璧外编,话本拟话本,清,6,中,低,李渔短篇外编，趣味尚可
集藏,醉醒石,话本拟话本,明,8,中,低,明末拟话本集，劝惩兼故事
集藏,醒梦骈言,话本拟话本,清,22,中,低,改编聊斋话本，故事可读
集藏,韩擒虎话本,话本拟话本,隋唐,1,中,低,早期话本有研究价值但残篇仅一页
道藏,历世真仙体道通鉴,人物传记,元,19,低,中,大部头道教仙传汇编，专门说教
道藏,吕祖年谱海山奇遇,人物传记,清,6,低,中,吕祖年谱体，说教味重故事弱
道藏,太上混元老子史略,人物传记,宋,2,低,中,老子神化史略，说教冷门
集藏,玉历宝钞,佛教故事,清,17,低,中,地狱劝善宝卷，说教无故事
道藏,梓潼帝君化书,神话寓言,元,7,低,中,文昌帝君化身说教，宗教味重
史藏,东林十八高贤传,人物传记,明,3,低,低,庐山高贤传专门说教向
史藏,京口耆旧传,人物传记,宋,3,低,低,地方乡贤传，小众无故事性
史藏,今献备遗,人物传记,明,7,低,低,明代名臣略传，史料性强
史藏,元名臣事略,人物传记,元,10,低,低,元代名臣传，史料性强
史藏,台湾文献清史列传选,人物传记,清,22,低,低,台湾人物史料选辑，专门性强
史藏,史传三编,人物传记,清,21,低,低,历代人物传辑，史料性强
史藏,名卿绩纪,人物传记,明,3,低,低,明代名臣功绩录，史料性强
史藏,名臣碑传琬琰之集,人物传记,宋,19,低,低,宋名臣碑传辑，纯史料
史藏,名臣碑传琬琰集,人物传记,宋,22,低,低,宋名臣碑传辑，纯史料
史藏,国宝新编,人物传记,明,2,低,低,明代人物品评，小众
史藏,小腆纪传,人物传记,清,71,低,低,南明人物纪传，专门史料
史藏,廉吏传,人物传记,元,6,低,低,历代清官传辑，史料性强
史藏,张积中传,人物传记,清,1,低,低,太谷学派人物传残篇，小众
史藏,忠贞录,人物传记,明,3,低,低,记忠节人物，说教史料性强
史藏,敬乡录,人物传记,元,7,低,低,地方乡贤辑录，小众史料
史藏,明儒言行录,人物传记,清,30,低,低,记明代儒者言行，理学说教
史藏,明名臣琬琰录,人物传记,明,9,低,低,明名臣碑传辑，纯史料
史藏,明名臣琬琰续录,人物传记,明,8,低,低,明名臣碑传续辑，纯史料
史藏,昭忠录,人物传记,宋,2,低,低,记宋末殉国忠臣，说教史料
史藏,浦阳人物记,人物传记,明,3,低,低,地方人物记，小众史料
史藏,清代学人列传,人物传记,民国,23,低,低,清代学者传辑，专门史料
史藏,清先正事略选,人物传记,清,7,低,低,清代名臣事略选，史料性强
史藏,清耆献类征选编,人物传记,清,35,低,低,清代名人碑传选辑，纯史料
史藏,百越先贤志,人物传记,明,5,低,低,岭南先贤传辑，小众史料
史藏,福建通志列传选,人物传记,清,29,低,低,福建人物史料选辑，专门
史藏,稗史集传,人物传记,清,1,低,低,野史人物传残篇，小众
史藏,续吴先贤赞,人物传记,明,18,低,低,吴中先贤传赞，小众史料
史藏,贫士传,人物传记,明,1,低,低,记历代清贫之士残篇，说教
史藏,钱塘先贤传赞,人物传记,宋,3,低,低,杭州先贤传赞，小众史料
史藏,韩忠献公遗事,人物传记,宋,2,低,低,韩琦事迹辑录，偏专门
子藏,吴中往哲记,人物传记,明,1,低,低,吴中先贤小传，篇幅极短
子藏,李文忠公事略,人物传记,清,18,低,低,李鸿章事略，偏专门史料
子藏,甘疯子传,人物传记,清,1,低,低,单篇异人小传，篇幅极短无知名度
艺藏,四巧工传,人物传记,清,1,低,低,清代工匠合传短篇，小众无知名度
道藏,云阜山申仙翁传,人物传记,宋,1,低,低,单一道士残篇，无大众价值
道藏,仙苑编珠,人物传记,五代,5,低,低,道教仙人辑录，专门性强少故事
道藏,会仙女志,人物传记,明,1,低,低,道教残篇，无故事性
道藏,侍帝晨东华上佐司命杨君传记,人物传记,魏晋南北朝,1,低,低,道教神职传记残篇，极冷门
道藏,凝阳董真人遇仙记,人物传记,元,1,低,低,单一道士遇仙残篇
道藏,华阳陶隐君内传,人物传记,隋唐,3,低,低,陶弘景道教传记，专门冷门
道藏,南岳九真人传,人物传记,隋唐,1,低,低,道教仙人传残篇
道藏,历世真仙体道通鉴后集,人物传记,元,3,低,低,道教仙传续编，专门冷门
道藏,历世真仙体道通鉴续编,人物传记,元,1,低,低,道教仙传续编残篇
道藏,唐鸿胪卿越置公灵虚见素真人传,人物传记,隋唐,1,低,低,道教真人传残篇，极冷门
道藏,地只上将温太保传,人物传记,元,1,低,低,道教神将传残篇
道藏,地只上将温太保传补遗,人物传记,元,1,低,低,道教神将传补遗残篇
道藏,太极葛仙公传,人物传记,宋,1,低,低,葛玄道教传残篇
道藏,孝道吴许二真君传,人物传记,宋,1,低,低,道教真君传残篇
道藏,广黄帝本行记,人物传记,隋唐,1,低,低,黄帝道教化传记残篇
道藏,徐仙真录,人物传记,明,15,低,低,地方道教仙传，专门冷门
道藏,御制周颠仙人传,人物传记,明,1,低,低,帝王御撰仙人传残篇
道藏,汉天师世家,人物传记,明,1,低,低,张天师世系残篇，谱牒冷门
道藏,清河内传,人物传记,宋,1,低,低,道教真人内传残篇
道藏,犹龙传,人物传记,宋,1,低,低,老子事迹辑录残篇
道藏,玄品录,人物传记,元,4,低,低,道教人物品录，专门冷门
道藏,甘水仙源录,人物传记,元,7,低,低,全真道碑传汇编，专门冷门
道藏,紫阳真人内传,人物传记,魏晋南北朝,1,低,低,道教真人内传残篇
道藏,终南山祖庭仙真内传,人物传记,元,2,低,低,全真祖庭仙真传，专门冷门
道藏,许太史真君图传,人物传记,宋,1,低,低,许逊图传残篇
道藏,许真君仙传,人物传记,宋,1,低,低,许逊仙传残篇
道藏,金莲正宗仙源像传,人物传记,元,2,低,低,全真七真像传，专门冷门
道藏,金莲正宗记,人物传记,元,1,低,低,全真道祖师传残篇
佛藏,一切智光明仙人慈心因缘不食肉经,佛教故事,魏晋南北朝,1,低,低,单篇说教向短经，故事性弱知名度低
佛藏,七佛父母姓字经,佛教故事,魏晋南北朝,1,低,低,纯名号罗列，无故事性
佛藏,七女观经,佛教故事,魏晋南北朝,1,低,低,说教短经，大众认知极低
佛藏,丛林盛事,佛教故事,宋,2,低,低,禅林轶事杂录，专门性强
佛藏,东国僧尼录,佛教故事,清,4,低,低,僧传名录，专门冷僻
佛藏,东林十八高贤传,佛教故事,宋,2,低,低,净土高僧传记，小众说教
佛藏,云卧纪谭,佛教故事,宋,2,低,低,禅门笔谈，专门冷僻
佛藏,五母子经,佛教故事,魏晋南北朝,1,低,低,说教短经，无大众吸引力
佛藏,五母子经,佛教故事,魏晋南北朝,1,低,低,说教短经，无大众吸引力
佛藏,五母子经之二,佛教故事,魏晋南北朝,1,低,低,说教短经重出，无吸引力
佛藏,五阴譬喻经,佛教故事,魏晋南北朝,1,低,低,义理譬喻短经，故事性弱
佛藏,优婆夷志,佛教故事,清,2,低,低,女居士传记，冷僻说教
佛藏,传法宝纪,佛教故事,隋唐,1,低,低,禅宗传承录，专门冷僻
佛藏,传法正宗记,佛教故事,宋,10,低,低,禅宗谱系考据，专门性强
佛藏,传法正宗记,佛教故事,宋,8,低,低,禅宗谱系考据，专门性强
佛藏,伯亭大师传记总帙,佛教故事,清,1,低,低,单一僧传残帙，冷僻
佛藏,佛入涅槃密迹金刚力士哀恋经,佛教故事,隋唐,1,低,低,涅槃哀挽短经，故事性弱
佛藏,佛母般泥洹经,佛教故事,魏晋南北朝,1,低,低,涅槃短经，故事性弱
佛藏,佛灭度后棺敛葬送经,佛教故事,魏晋南北朝,1,低,低,丧仪短经，无叙事
佛藏,佛般泥洹经,佛教故事,魏晋南北朝,1,低,低,涅槃短经，故事性弱
佛藏,佛说一切智光明仙人慈心因缘不食肉经,佛教故事,魏晋南北朝,1,低,低,戒肉说教短经，无吸引力
佛藏,佛说七女经,佛教故事,魏晋南北朝,1,低,低,说教短经，无大众吸引力
佛藏,佛说七女经,佛教故事,魏晋南北朝,1,低,低,说教短经，无大众吸引力
佛藏,佛说三摩竭经,佛教故事,魏晋南北朝,1,低,低,因缘短经，冷僻
佛藏,佛说乳光佛经,佛教故事,魏晋南北朝,1,低,低,因缘短经，冷僻
佛藏,佛说五无反复经,佛教故事,魏晋南北朝,1,低,低,说教短经，无吸引力
佛藏,佛说五无反复经之二,佛教故事,魏晋南北朝,1,低,低,说教短经重出
佛藏,佛说五无返复经,佛教故事,魏晋南北朝,1,低,低,说教短经重出
佛藏,佛说五无返复经,佛教故事,魏晋南北朝,1,低,低,说教短经重出
佛藏,佛说佛大僧大经,佛教故事,魏晋南北朝,1,低,低,因缘短经，冷僻
佛藏,佛说光明童子因缘经,佛教故事,宋,1,低,低,因缘短经，冷僻
佛藏,佛说光明童子因缘经,佛教故事,宋,2,低,低,因缘短经，冷僻
佛藏,佛说兜调经,佛教故事,魏晋南北朝,1,低,低,业报短经，故事性弱
佛藏,佛说前世三转经,佛教故事,魏晋南北朝,1,低,低,宿世说教短经，冷僻
佛藏,佛说力士移山经,佛教故事,魏晋南北朝,1,低,低,譬喻短经，故事性弱
佛藏,佛说力士移山经,佛教故事,魏晋南北朝,1,低,低,譬喻短经，故事性弱
佛藏,佛说千佛因缘经,佛教故事,魏晋南北朝,3,低,低,千佛因缘罗列，叙事薄弱
佛藏,佛说呵雕阿那含经,佛教故事,魏晋南北朝,1,低,低,因缘短经，冷僻
佛藏,佛说善乐长者经,佛教故事,宋,1,低,低,长者因缘短经，冷僻
佛藏,佛说大坚固婆罗门缘起经,佛教故事,宋,2,低,低,缘起短经，冷僻
佛藏,佛说大坚固婆罗门缘起经,佛教故事,宋,2,低,低,缘起短经，冷僻
佛藏,佛说大爱道般泥洹经,佛教故事,魏晋南北朝,1,低,低,涅槃短经，故事性弱
佛藏,佛说大自在天子因地经,佛教故事,宋,1,低,低,因地短经，冷僻
佛藏,佛说大自在天子因地经,佛教故事,宋,1,低,低,因地短经，冷僻
佛藏,佛说大迦叶本经,佛教故事,魏晋南北朝,1,低,低,弟子本事短经，冷僻
佛藏,佛说大迦叶本经,佛教故事,魏晋南北朝,1,低,低,弟子本事短经，冷僻
佛藏,佛说天王太子辟罗经,佛教故事,魏晋南北朝,1,低,低,因缘短经，冷僻
佛藏,佛说太子刷护经,佛教故事,魏晋南北朝,1,低,低,太子因缘短经，冷僻
佛藏,佛说太子和休经,佛教故事,魏晋南北朝,1,低,低,太子因缘短经，冷僻
佛藏,佛说妇人遇辜经,佛教故事,魏晋南北朝,1,低,低,业报短经，故事性弱
佛藏,佛说妇人遇辜经,佛教故事,魏晋南北朝,1,低,低,业报短经，故事性弱
佛藏,佛说婆罗门子命终爱念不离经,佛教故事,魏晋南北朝,1,低,低,丧子说教短经，无吸引力
佛藏,佛说婆罗门子命终爱念不离经,佛教故事,魏晋南北朝,1,低,低,丧子说教短经，无吸引力
佛藏,佛说婆罗门避死经,佛教故事,魏晋南北朝,1,低,低,避死说教短经，故事薄
佛藏,佛说婆罗门避死经,佛教故事,魏晋南北朝,1,低,低,避死说教短经，故事薄
佛藏,佛说差摩婆帝授记经,佛教故事,魏晋南北朝,1,低,低,授记短经，冷僻
佛藏,佛说师子月佛本生经,佛教故事,魏晋南北朝,1,低,低,本生短经，冷僻
佛藏,佛说师子月佛本生经,佛教故事,魏晋南北朝,1,低,低,本生短经，冷僻
佛藏,佛说师子素驮娑王断肉经,佛教故事,隋唐,1,低,低,戒肉说教短经，冷僻
佛藏,佛说德光太子经,佛教故事,魏晋南北朝,4,低,低,太子求法说教，冷僻
佛藏,佛说德护长者经,佛教故事,隋唐,4,低,低,长者因缘说教，冷僻
佛藏,佛说息诤因缘经,佛教故事,魏晋南北朝,1,低,低,息诤说教短经，冷僻
佛藏,佛说息诤因缘经,佛教故事,魏晋南北朝,1,低,低,息诤说教短经，冷僻
佛藏,佛说懈怠耕者经,佛教故事,魏晋南北朝,1,低,低,劝勤说教短经，故事薄
佛藏,佛说懈怠耕者经,佛教故事,魏晋南北朝,1,低,低,劝勤说教短经，故事薄
佛藏,佛说摩达国王经,佛教故事,魏晋南北朝,1,低,低,国王因缘短经，冷僻
佛藏,佛说摩达国王经,佛教故事,魏晋南北朝,1,低,低,国王因缘短经，冷僻
佛藏,佛说放牛经,佛教故事,魏晋南北朝,1,低,低,放牛譬喻短经，说教向
佛藏,佛说旃陀越国王经,佛教故事,魏晋南北朝,1,低,低,国王因缘短经，冷僻
佛藏,佛说旃陀越国王经,佛教故事,魏晋南北朝,1,低,低,国王因缘短经，冷僻
佛藏,佛说无垢贤女经,佛教故事,魏晋南北朝,1,低,低,授记短经，冷僻
佛藏,佛说无垢贤女经,佛教故事,魏晋南北朝,1,低,低,授记短经，冷僻
佛藏,佛说普达王经,佛教故事,魏晋南北朝,1,低,低,国王因缘短经，冷僻
佛藏,佛说末罗王经,佛教故事,魏晋南北朝,1,低,低,国王因缘短经，冷僻
佛藏,佛说末罗王经,佛教故事,魏晋南北朝,1,低,低,国王因缘短经，冷僻
佛藏,佛说梵志女首意经,佛教故事,魏晋南北朝,1,低,低,说法短经，冷僻
佛藏,佛说梵志阿颰经,佛教故事,魏晋南北朝,1,低,低,梵志论议短经，冷僻
佛藏,佛说梵摩难国王经,佛教故事,魏晋南北朝,1,低,低,国王因缘短经，冷僻
佛藏,佛说梵摩难国王经,佛教故事,魏晋南北朝,1,低,低,国王因缘短经，冷僻
佛藏,佛说沙曷比丘功德经,佛教故事,魏晋南北朝,1,低,低,功德说教短经，故事薄
佛藏,佛说沙曷比丘功德经,佛教故事,魏晋南北朝,1,低,低,功德说教短经，故事薄
佛藏,佛说满愿子经,佛教故事,魏晋南北朝,1,低,低,弟子因缘短经，冷僻
佛藏,佛说满愿子经,佛教故事,魏晋南北朝,1,低,低,弟子因缘短经，冷僻
佛藏,佛说犊子经,佛教故事,魏晋南北朝,1,低,低,犊子譬喻短经，故事薄
佛藏,佛说申日儿本经,佛教故事,魏晋南北朝,1,低,低,申日因缘短经，冷僻
佛藏,佛说申日经,佛教故事,魏晋南北朝,1,低,低,申日因缘短经，冷僻
佛藏,佛说白衣金幢二婆罗门缘经,佛教故事,宋,1,低,低,缘起短经，冷僻
佛藏,佛说白衣金幢二婆罗门缘起经,佛教故事,宋,1,低,低,缘起短经，冷僻
佛藏,佛说瞿昙弥记果经,佛教故事,魏晋南北朝,1,低,低,授记短经，冷僻
佛藏,佛说瞿昙弥记果经,佛教故事,魏晋南北朝,1,低,低,授记短经，冷僻
佛藏,佛说离垢施女经,佛教故事,魏晋南北朝,4,低,低,女居士论议，说教向
佛藏,佛说离垢施女经,佛教故事,魏晋南北朝,5,低,低,女居士论议，说教向
佛藏,佛说群牛譬经,佛教故事,魏晋南北朝,1,低,低,群牛譬喻短经，故事薄
佛藏,佛说群牛譬经,佛教故事,魏晋南北朝,1,低,低,群牛譬喻短经，故事薄
佛藏,佛说老女人经,佛教故事,魏晋南北朝,1,低,低,老女问法短经，故事薄
佛藏,佛说老女人经,佛教故事,魏晋南北朝,1,低,低,老女问法短经，故事薄
佛藏,佛说老母女六英经,佛教故事,魏晋南北朝,1,低,低,老母问法短经，故事薄
佛藏,佛说老母女六英经,佛教故事,魏晋南北朝,1,低,低,老母问法短经，故事薄
佛藏,佛说老母经,佛教故事,魏晋南北朝,1,低,低,老母问法短经，故事薄
佛藏,佛说老母经,佛教故事,魏晋南北朝,1,低,低,老母问法短经，故事薄
佛藏,佛说耶祇经,佛教故事,魏晋南北朝,1,低,低,因缘短经，冷僻
佛藏,佛说腹中女听经,佛教故事,魏晋南北朝,1,低,低,转女身说教短经，冷僻
佛藏,佛说菩萨逝经,佛教故事,魏晋南北朝,1,低,低,逝童子因缘短经，冷僻
佛藏,佛说菩萨逝经,佛教故事,魏晋南北朝,1,低,低,逝童子因缘短经，冷僻
佛藏,佛说萨罗国经,佛教故事,魏晋南北朝,1,低,低,国王因缘短经，冷僻
佛藏,佛说萨罗国经,佛教故事,魏晋南北朝,1,低,低,国王因缘短经，冷僻
佛藏,佛说蓱沙王五愿经,佛教故事,魏晋南北朝,1,低,低,国王愿望短经，冷僻
佛藏,佛说谏王经,佛教故事,魏晋南北朝,1,低,低,谏王说教短经，故事薄
佛藏,佛说谏王经,佛教故事,魏晋南北朝,1,低,低,谏王说教短经，故事薄
佛藏,佛说贫穷老公经,佛教故事,魏晋南北朝,1,低,低,贫者因缘短经，故事薄
佛藏,佛说贫穷老公经,佛教故事,魏晋南北朝,1,低,低,贫者因缘短经，故事薄
佛藏,佛说贫穷老公经之二,佛教故事,魏晋南北朝,1,低,低,贫者因缘短经异本
佛藏,佛说赖吒和罗所问德光太子经,佛教故事,魏晋南北朝,3,低,低,太子问法说教，冷僻
佛藏,佛说越难经,佛教故事,魏晋南北朝,1,低,低,悭贪业报短经，故事薄
佛藏,佛说越难经,佛教故事,魏晋南北朝,1,低,低,悭贪业报短经，故事薄
佛藏,佛说辩意长者子所问经,佛教故事,魏晋南北朝,2,低,低,长者问法说教，冷僻
佛藏,佛说过去世佛分卫经,佛教故事,魏晋南北朝,1,低,低,乞食因缘短经，冷僻
佛藏,佛说逝童子经,佛教故事,魏晋南北朝,1,低,低,逝童子因缘短经，冷僻
佛藏,佛说逝童子经,佛教故事,魏晋南北朝,2,低,低,逝童子因缘短经，冷僻
佛藏,佛说释摩男本四子经,佛教故事,魏晋南北朝,1,低,低,释摩男因缘短经，冷僻
佛藏,佛说释摩男本经,佛教故事,魏晋南北朝,1,低,低,释摩男因缘短经，冷僻
佛藏,佛说金光王童子经,佛教故事,宋,1,低,低,童子因缘短经，冷僻
佛藏,佛说金耀童子经,佛教故事,宋,1,低,低,童子因缘短经，冷僻
佛藏,佛说金耀童子经,佛教故事,宋,1,低,低,童子因缘短经，冷僻
佛藏,佛说长者子六过出家经,佛教故事,魏晋南北朝,1,低,低,出家因缘短经，冷僻
佛藏,佛说长者子六过出家经,佛教故事,魏晋南北朝,1,低,低,出家因缘短经，冷僻
佛藏,佛说长者子制经,佛教故事,魏晋南北朝,1,低,低,长者子因缘短经，冷僻
佛藏,佛说长者子制经,佛教故事,魏晋南北朝,1,低,低,长者子因缘短经，冷僻
佛藏,佛说长者子懊恼三处经,佛教故事,魏晋南北朝,1,低,低,丧子说教短经，故事薄
佛藏,佛说长者施报经,佛教故事,宋,1,低,低,布施说教短经，故事薄
佛藏,佛说长者法志妻经,佛教故事,魏晋南北朝,1,低,低,长者妻因缘短经，冷僻
佛藏,佛说长者法志妻经,佛教故事,魏晋南北朝,1,低,低,长者妻因缘短经，冷僻
佛藏,佛说长者音悦经,佛教故事,魏晋南北朝,1,低,低,长者因缘短经，冷僻
佛藏,佛说长者音悦经,佛教故事,魏晋南北朝,1,低,低,长者因缘短经，冷僻
佛藏,佛说阿遬达经,佛教故事,魏晋南北朝,1,低,低,因缘短经，冷僻
佛藏,佛说阿阇世王女阿术达菩萨经,佛教故事,魏晋南北朝,3,低,低,王女论议说教，冷僻
佛藏,佛说阿阇贳王女阿术达菩萨经,佛教故事,魏晋南北朝,1,低,低,王女论议说教，冷僻
佛藏,佛说阿难同学经,佛教故事,魏晋南北朝,1,低,低,弟子因缘短经，冷僻
佛藏,佛说阿鸠留经,佛教故事,魏晋南北朝,1,低,低,商主因缘短经，冷僻
佛藏,佛说除恐灾患经,佛教故事,魏晋南北朝,1,低,低,禳灾说教短经，故事薄
佛藏,佛说随勇尊者经,佛教故事,宋,1,低,低,尊者因缘短经，冷僻
佛藏,佛说难提释经,佛教故事,魏晋南北朝,1,低,低,难提问法短经，冷僻
佛藏,佛说鞞摩肃经,佛教故事,魏晋南北朝,1,低,低,梵志论议短经，冷僻
佛藏,佛说頞多和多耆经,佛教故事,魏晋南北朝,1,低,低,因缘短经，冷僻
佛藏,佛说须摩提长者经,佛教故事,魏晋南北朝,2,低,低,长者问法说教，冷僻
佛藏,佛说马有三相经,佛教故事,魏晋南北朝,1,低,低,以马喻人短经，故事薄
佛藏,佛说马有八态譬人经,佛教故事,魏晋南北朝,1,低,低,以马喻人短经，故事薄
佛藏,佛说鹹水喻经,佛教故事,魏晋南北朝,1,低,低,咸水譬喻短经，故事薄
佛藏,佛说龙施女经,佛教故事,魏晋南北朝,1,低,低,龙女授记短经，冷僻
佛藏,佛说龙施女经,佛教故事,魏晋南北朝,1,低,低,龙女授记短经，冷僻
佛藏,佛说龙施菩萨本起经,佛教故事,魏晋南北朝,1,低,低,龙女本起短经，冷僻
佛藏,佛说龙施菩萨本起经,佛教故事,魏晋南北朝,1,低,低,龙女本起短经，冷僻
佛藏,修西闻见录,佛教故事,清,11,低,低,净土往生见闻录，说教向
佛藏,僧宝正续传,佛教故事,宋,3,低,低,禅宗僧传专门性强无大众故事性
佛藏,八十八祖道影传赞,佛教故事,明,7,低,低,祖师传赞说教味重无故事性
佛藏,净土圣贤录,佛教故事,清,21,低,低,往生传记说教味重无大众吸引
佛藏,净土圣贤录续编,佛教故事,清,9,低,低,往生传续编纯宗教记录
佛藏,净土往生传,佛教故事,宋,2,低,低,往生传记说教向无故事性
佛藏,出曜经,佛教故事,魏晋南北朝,43,低,低,偈颂譬喻经文专门冗长
佛藏,前世三转经,佛教故事,魏晋南北朝,1,低,低,短篇经文宗教向无故事性
佛藏,千佛因缘经,佛教故事,魏晋南北朝,2,低,低,因缘经文宗教说教向
佛藏,华严感应缘起传,佛教故事,宋,3,低,低,感应灵验记说教味重
佛藏,华严经感应略记,佛教故事,隋唐,2,低,低,感应略记宗教灵验向
佛藏,华严经持验记,佛教故事,清,3,低,低,持经灵验记说教味重
佛藏,南宋元明禅林僧宝传,佛教故事,清,6,低,低,禅僧传专门性强无大众故事
佛藏,南宋元明禅林僧宝传,佛教故事,清,7,低,低,禅僧传专门性强无大众故事
佛藏,南岳单传记,佛教故事,清,4,低,低,禅宗法脉记专门无故事性
佛藏,卢至长者因缘经,佛教故事,魏晋南北朝,1,低,低,因缘经文宗教说教向
佛藏,卢至长者因缘经,佛教故事,魏晋南北朝,1,低,低,因缘经文宗教说教向
佛藏,古音王传,佛教故事,明,2,低,低,冷僻佛传无知名度
佛藏,名僧传抄,佛教故事,魏晋南北朝,4,低,低,僧传残抄专门性强
佛藏,唐大荐福寺故寺主翻经大德法藏和尚传,佛教故事,隋唐,2,低,低,单僧行传专门无故事性
佛藏,唐护法沙门法琳别传,佛教故事,隋唐,1,低,低,护法僧别传专门向
佛藏,善女人传,佛教故事,清,6,低,低,女居士传说教向无故事
佛藏,善思童子经,佛教故事,隋唐,7,低,低,经文宗教说教向
佛藏,嗟袜曩法天子受三归获免恶道经,佛教故事,隋唐,1,低,低,短经赞呗向无故事性
佛藏,地藏菩萨像灵验记,佛教故事,宋,2,低,低,造像灵验记说教向
佛藏,大唐故大德赠司空大辨正广智不空三藏行状,佛教故事,隋唐,1,低,低,高僧行状专门文献向
佛藏,大唐青龙寺三朝供奉大德行状,佛教故事,隋唐,1,低,低,高僧行状专门文献向
佛藏,大宋僧史略,佛教故事,宋,5,低,低,僧制史略考据向无故事
佛藏,大慧普觉禅师宗门武库,佛教故事,宋,2,低,低,禅门语录公案专门向
佛藏,大慧普觉禅师年谱,佛教故事,宋,4,低,低,禅师年谱文献向无故事
佛藏,大方广佛华严经感应传,佛教故事,隋唐,1,低,低,持经感应记说教向
佛藏,大明高僧传,佛教故事,明,6,低,低,高僧传专门性强无大众故事
佛藏,大明高僧传,佛教故事,明,6,低,低,高僧传专门性强无大众故事
佛藏,大集譬喻王经,佛教故事,隋唐,1,低,低,短经譬喻向宗教浓
佛藏,大集譬喻王经,佛教故事,隋唐,1,低,低,短经譬喻向宗教浓
佛藏,天台九祖传,佛教故事,宋,1,低,低,宗派祖师传专门向
佛藏,天台智者大师传论,佛教故事,宋,1,低,低,大师传论专门文献向
佛藏,天尊说阿育王譬喻经,佛教故事,魏晋南北朝,1,低,低,短经譬喻向宗教浓
佛藏,天王太子辟罗经,佛教故事,魏晋南北朝,1,低,低,短经宗教说教向
佛藏,太子刷护经,佛教故事,魏晋南北朝,1,低,低,短经宗教说教向
佛藏,太子和休经,佛教故事,魏晋南北朝,1,低,低,短经宗教说教向
佛藏,如来成道经,佛教故事,隋唐,1,低,低,成道经文宗教向
佛藏,婆薮槃豆传,佛教故事,魏晋南北朝,1,低,低,论师传记专门向
佛藏,婆薮槃豆法师传,佛教故事,魏晋南北朝,1,低,低,论师传记专门向
佛藏,孝子经,佛教故事,魏晋南北朝,1,低,低,短经说教孝道向
佛藏,寄禅和尚行述,佛教故事,清,1,低,低,近代僧行述专门向
佛藏,居士传,佛教故事,清,13,低,低,居士传记说教向无故事
佛藏,师子素驮娑王断肉经,佛教故事,隋唐,1,低,低,断肉经文宗教说教向
佛藏,广清凉传,佛教故事,宋,6,低,低,五台山志感应向专门
佛藏,府君存惠传,佛教故事,不详,1,低,低,冷僻人物传无知名度
佛藏,异出菩萨本起经,佛教故事,魏晋南北朝,1,低,低,佛传本起宗教向短小
佛藏,异出菩萨本起经,佛教故事,魏晋南北朝,1,低,低,佛传本起宗教向短小
佛藏,弊魔试目连经,佛教故事,魏晋南北朝,1,低,低,短经宗教向
佛藏,弘赞法华传,佛教故事,隋唐,6,低,低,持经感应传说教向
佛藏,往生西方净土瑞应传,佛教故事,隋唐,3,低,低,往生瑞应记说教向
佛藏,往生集,佛教故事,明,13,低,低,往生事迹集说教向
佛藏,律相感通传,佛教故事,隋唐,1,低,低,戒律感通记专门向
佛藏,心性罪福因缘集,佛教故事,清,2,低,低,因缘说教集无故事性
佛藏,悲华经,佛教故事,魏晋南北朝,6,低,低,大乘经典义理向无故事
佛藏,惠果和尚行状,佛教故事,隋唐,1,低,低,高僧行状专门文献向
佛藏,惠远外传,佛教故事,不详,1,低,低,冷僻僧外传无知名度
佛藏,持诵金刚经灵验功德记,佛教故事,隋唐,2,低,低,持经灵验记说教向
佛藏,提婆菩萨传,佛教故事,魏晋南北朝,1,低,低,论师传记专门向
佛藏,提婆菩萨传,佛教故事,魏晋南北朝,1,低,低,论师传记专门向
佛藏,摩诃摩耶经,佛教故事,魏晋南北朝,3,低,低,佛母经文宗教向
佛藏,撰集三藏及杂藏传,佛教故事,魏晋南北朝,3,低,低,结集传专门文献向
佛藏,新修往生传,佛教故事,宋,3,低,低,往生传记说教向
佛藏,新修科分六学僧传,佛教故事,元,59,低,低,僧传分科专门性强
佛藏,无明罗刹集,佛教故事,魏晋南北朝,1,低,低,譬喻经文宗教义理向
佛藏,明高僧传,佛教故事,明,3,低,低,高僧传专门性强无大众故事
佛藏,普达王经,佛教故事,魏晋南北朝,1,低,低,短经宗教说教向
佛藏,智者大师别传注,佛教故事,宋,4,低,低,大师别传注专门文献向
佛藏,月上女经,佛教故事,魏晋南北朝,4,低,低,经文宗教义理向
佛藏,杂譬喻经--,佛教故事,魏晋南北朝,1,低,低,譬喻经残篇短小宗教向
佛藏,杂譬喻经-后汉-支娄迦谶,佛教故事,汉,1,低,低,譬喻经残篇短小宗教向
佛藏,武林西湖高僧事略,佛教故事,宋,2,低,低,西湖僧事略地方僧传向
佛藏,比丘避女恶名欲自杀经,佛教故事,魏晋南北朝,1,低,低,短经戒律说教向
佛藏,永明道迹,佛教故事,明,1,低,低,高僧事迹专门向
佛藏,沙弥罗经,佛教故事,魏晋南北朝,1,低,低,短经宗教说教向
佛藏,法华传记,佛教故事,隋唐,13,低,低,持经感应传说教向
佛藏,法华灵验传,佛教故事,清,6,低,低,持经灵验传说教向
佛藏,法华经持验记,佛教故事,清,9,低,低,持经验记说教向
佛藏,法华经显应录,佛教故事,宋,11,低,低,持经显应录说教向
佛藏,法界宗五祖略记,佛教故事,清,1,低,低,宗派祖师略记专门向
佛藏,海东高僧传,佛教故事,宋,1,低,低,朝鲜高僧传专门向
佛藏,海东高僧传,佛教故事,宋,1,低,低,朝鲜高僧传专门向
佛藏,游方记抄,佛教故事,隋唐,3,低,低,游方记残抄专门向
佛藏,犍陀国王经,佛教故事,魏晋南北朝,1,低,低,短经宗教说教向
佛藏,犍陀国王经,佛教故事,魏晋南北朝,1,低,低,短经宗教说教向
佛藏,玄宗朝翻经三藏善无畏赠鸿胪卿行状,佛教故事,隋唐,1,低,低,高僧行状专门文献向
佛藏,玉耶女经,佛教故事,魏晋南北朝,1,低,低,妇德说教经文向
佛藏,玉耶经,佛教故事,魏晋南北朝,1,低,低,妇德说教经文向
佛藏,玉耶经,佛教故事,魏晋南北朝,1,低,低,妇德说教经文向
佛藏,现果随录,佛教故事,清,6,低,低,因果报应录说教向
佛藏,申日儿本经,佛教故事,魏晋南北朝,1,低,低,短经宗教说教向
佛藏,白国因由,佛教故事,清,1,低,低,大理佛教缘起冷僻地方向
佛藏,皇明名僧辑略,佛教故事,明,4,低,低,名僧辑略专门向
佛藏,神异典二氏部汇考,佛教故事,清,4,低,低,类书汇考考据向无故事
佛藏,禅林僧宝传,佛教故事,宋,5,低,低,禅僧传专门性强无大众故事
佛藏,禅林僧宝传,佛教故事,宋,7,低,低,禅僧传专门性强无大众故事
佛藏,续武林西湖高僧事略,佛教故事,宋,1,低,低,西湖僧事略续地方向
佛藏,续清凉传,佛教故事,宋,1,低,低,五台山感应续记专门向
佛藏,续清凉传,佛教故事,宋,1,低,低,五台山感应续记专门向
佛藏,缁门崇行录,佛教故事,明,8,低,低,僧德事迹录说教向
佛藏,罗云忍辱经,佛教故事,魏晋南北朝,1,低,低,短经忍辱说教向
佛藏,胜军化世百喻伽他经,佛教故事,宋,3,低,低,偈颂譬喻经宗教向
佛藏,莲修起信录,佛教故事,清,8,低,低,净土起信录说教向
佛藏,蓱沙王五愿经,佛教故事,魏晋南北朝,1,低,低,短经宗教说教向
佛藏,补续高僧传,佛教故事,明,23,低,低,高僧传专门性强无大众故事
佛藏,补陀洛迦山传,佛教故事,元,2,低,低,普陀山志地方专门向
佛藏,西舫汇征,佛教故事,清,17,低,低,往生事迹汇集说教向
佛藏,观世音菩萨往生净土本缘经附西晋录,佛教故事,魏晋南北朝,1,低,低,本缘经文宗教向
佛藏,观音慈林集,佛教故事,清,8,低,低,观音感应集说教向
佛藏,观音经持验记,佛教故事,清,6,低,低,持经验记说教向
佛藏,辩意长者子经,佛教故事,魏晋南北朝,2,低,低,短经宗教说教向
佛藏,迦叶赴佛般涅槃经,佛教故事,魏晋南北朝,1,低,低,短经宗教向
佛藏,道宣律师感通录,佛教故事,隋唐,1,低,低,律师感通录宗教灵异向
佛藏,那先比丘经--,佛教故事,魏晋南北朝,1,低,低,那先问答残篇短小专门
佛藏,采花违王上佛授决号妙花经,佛教故事,魏晋南北朝,1,低,低,短经授决宗教向
佛藏,释迦如来成道记,佛教故事,隋唐,1,低,低,成道记宗教向短小
佛藏,释迦如来行迹颂,佛教故事,元,3,低,低,行迹偈颂宗教赞呗向
佛藏,释门自镜录,佛教故事,隋唐,5,低,低,因果自警录说教向
佛藏,金刚经受持感应录,佛教故事,清,4,低,低,持经感应录说教向
佛藏,金刚经感应传,佛教故事,隋唐,2,低,低,持经感应传说教向
佛藏,金刚经感应分类辑要,佛教故事,清,2,低,低,感应辑要说教向
佛藏,金刚经持验记,佛教故事,清,3,低,低,持经验记说教向
佛藏,金刚经新异录,佛教故事,明,2,低,低,持经异闻录说教向
佛藏,金刚经灵验传,佛教故事,隋唐,5,低,低,持经灵验传说教向
佛藏,金刚经鸠异,佛教故事,隋唐,2,低,低,持经异闻说教向
佛藏,金刚般若经集验记,佛教故事,隋唐,2,低,低,持经验记说教向
佛藏,金色王经,佛教故事,魏晋南北朝,1,低,低,布施本生短小宗教向
佛藏,长者懊恼三处经,佛教故事,魏晋南北朝,1,低,低,短经宗教说教向
佛藏,阿育王譬喻经,佛教故事,魏晋南北朝,1,低,低,譬喻经文宗教向短小
佛藏,阿那邠邸化七子经,佛教故事,魏晋南北朝,1,低,低,短经宗教说教向
佛藏,阿那邠邸化七子经,佛教故事,魏晋南北朝,1,低,低,短经宗教说教向
佛藏,阿阇世王授决经,佛教故事,魏晋南北朝,1,低,低,短经宗教向
佛藏,阿阇世王问五逆经,佛教故事,魏晋南北朝,1,低,低,短经宗教义理向
佛藏,阿鸠留经,佛教故事,魏晋南北朝,1,低,低,短经布施说教向
佛藏,隋天台智者大师别传,佛教故事,隋唐,1,低,低,大师别传专门文献向
佛藏,隋天台智者大师别传终,佛教故事,隋唐,1,低,低,大师别传专门文献向
佛藏,雪堂行拾遗录,佛教故事,宋,1,低,低,禅师拾遗录专门向
佛藏,须摩提长者经,佛教故事,魏晋南北朝,2,低,低,问法经文宗教义理向
佛藏,频毗娑罗王诣佛供养经,佛教故事,魏晋南北朝,1,低,低,短经宗教供养向
佛藏,频毗娑罗王诣佛供养经,佛教故事,魏晋南北朝,1,低,低,短经宗教供养向
佛藏,饿鬼报应经,佛教故事,魏晋南北朝,1,低,低,报应经文说教向
佛藏,马鸣菩萨传,佛教故事,魏晋南北朝,1,低,低,论师传记专门向
佛藏,马鸣菩萨传,佛教故事,魏晋南北朝,1,低,低,论师传记专门向
佛藏,高僧摘要,佛教故事,清,8,低,低,高僧事迹摘要说教向
佛藏,龙王兄弟经,佛教故事,魏晋南北朝,1,低,低,短经宗教向
史藏,善女人传,佛教故事,清,6,低,低,佛门女信徒传，说教味重
史藏,明高僧传,佛教故事,明,3,低,低,明代高僧传，宗教传记说教味
史藏,皇明名僧辑略,佛教故事,明,4,低,低,明代名僧语录辑，宗教说教
子藏,公门果报录,佛教故事,清,2,低,低,因果报应说教，故事性弱
子藏,宣验记,佛教故事,魏晋南北朝,1,低,低,释氏感应残篇，说教篇幅短
子藏,旌异记,佛教故事,魏晋南北朝,1,低,低,释氏感应残篇，说教篇幅短
道藏,弘道录,佛教故事,明,27,低,低,道教辑录大部头，说教味重
集藏,度阴宝卷,佛教故事,清,5,低,低,宝卷说唱说教味重，无故事性
集藏,杏花宝卷,佛教故事,清,9,低,低,宝卷宣教文，无故事吸引力
集藏,梁皇宝卷,佛教故事,清,12,低,低,宗教宝卷，说教无故事性
集藏,靖江宝卷,佛教故事,清,354,低,低,宗教说唱宝卷说教味重故事性弱
集藏,鱼篮宝卷,佛教故事,清,12,低,低,观音宝卷宗教说唱故事性弱
集藏,黄氏宝卷,佛教故事,清,8,低,低,劝孝宗教宝卷说教味重
诗藏,六十种曲昙花记,戏曲剧本,明,21,低,低,屠隆宗教度脱剧，说教味重少故事
诗藏,楚曲十种临潼斗宝,戏曲剧本,清,2,低,低,清代地方戏单折，小众无知名度
诗藏,温凉盏鼓词,戏曲剧本,清,7,低,低,清代鼓词唱本，偏曲艺小众
诗藏,茯苓仙传奇,戏曲剧本,清,6,低,低,清代神仙度脱传奇，说教味重小众
诗藏,鹦鹉洲,戏曲剧本,清,4,低,低,冷门戏曲剧本，知名度低无大众吸引力
子藏,冥寥子游,文言小说,明,1,低,低,游仙说理小品，篇幅极短
子藏,冥通记,文言小说,魏晋南北朝,1,低,低,道教冥通记录，说教味重
子藏,孀妹殊遇,文言小说,清,1,低,低,单篇艳情小记，篇幅极短
集藏,丽史,文言小说,明,2,低,低,明代冷门文言艳情小说残篇
集藏,刘生觅莲记,文言小说,明,4,低,低,明代冷门文言中篇小说
集藏,寻芳雅集,文言小说,明,4,低,低,明代冷门文言艳情小说
集藏,效颦集,文言小说,明,3,低,低,明代冷门文言传奇小说集
集藏,祁生天缘奇遇,文言小说,清,2,低,低,文言艳情短篇，无名气
集藏,美人书,文言小说,清,17,低,低,文言艳情小说集，知名度低
子藏,蚍蜉传,神话寓言,清,1,低,低,清代寓言残篇，冷僻无知名度
道藏,三洞群仙录,神话寓言,宋,17,低,低,道教仙传汇编，说教味重故事性弱
道藏,体玄真人显异录,神话寓言,宋,1,低,低,道教灵异残篇，专门冷门
道藏,华盖山浮丘主郭三真君事实,神话寓言,宋,4,低,低,地方道教灵迹，冷门说教
道藏,桓真人升仙记,神话寓言,元,1,低,低,道士升仙残篇
道藏,洪恩灵济真君事实,神话寓言,明,1,低,低,道教真君灵迹残篇
道藏,混元圣记,神话寓言,宋,7,低,低,老子神化记，说教冷门
道藏,灵山太平兴国官采访真君事实,神话寓言,宋,5,低,低,地方道观真君灵迹，冷门
道藏,玄天上帝启圣灵异录,神话寓言,元,1,低,低,真武灵异残篇
道藏,玄风庆会录,神话寓言,元,1,低,低,丘处机奏对录，说教残篇
道藏,疑仙传,神话寓言,宋,1,低,低,仙人传残篇，冷门
道藏,翊圣保德传,神话寓言,宋,1,低,低,道教神将灵验残篇
道藏,西山群仙会真记,神话寓言,隋唐,2,低,低,内丹修炼说教，无故事性
道藏,西山许真君八十五化录,神话寓言,宋,7,低,低,许逊化身灵迹录，宗教冷门
道藏,赣州圣济庙灵迹碑,神话寓言,宋,1,低,低,地方庙宇灵迹碑，极冷门
道藏,道迹灵仙记,神话寓言,魏晋南北朝,1,低,低,道教灵仙记残篇
集藏,何仙姑宝卷,神话寓言,清,4,低,低,宝卷说唱宗教味重，无故事性
集藏,民间宝卷花名宝卷,神话寓言,清,3,低,低,民间宝卷宣教，无故事性
道藏,紫金光耀大仙修真演义,章回小说,明,2,低,低,道教修真演义残篇，冷门
集藏,一枕奇,章回小说,清,6,低,低,清代冷门世情小说
集藏,七真因果传,章回小说,清,9,低,低,全真道教因果说教小说
集藏,三春梦,章回小说,清,19,低,低,清代冷门历史小说
集藏,三续金瓶梅,章回小说,清,12,低,低,金瓶梅续书，质量低偏色情
集藏,世无匹,章回小说,清,8,低,低,清代冷门才子佳人小说
集藏,东度记,章回小说,明,26,低,低,达摩东渡神魔说教小说，偏冷
集藏,两交婚小传,章回小说,清,9,低,低,清代冷门才子佳人小说
集藏,乾隆休妻,章回小说,清,3,低,低,清代冷门宫廷小说残篇
集藏,争春园,章回小说,清,5,低,低,清代冷门英雄儿女小说
集藏,云南野乘,章回小说,民国,1,低,低,民国地方野史残篇
集藏,五美缘,章回小说,清,11,低,低,清代冷门才子佳人小说
集藏,京华碧血录,章回小说,清,1,低,低,庚子事变小说残篇
集藏,仇史,章回小说,清,1,低,低,清代冷门小说残篇
集藏,仙侠五花剑,章回小说,清,4,低,低,清代冷门剑侠小说
集藏,仙卜奇缘,章回小说,清,13,低,低,清代冷门神怪小说
集藏,八美图,章回小说,清,21,低,低,清代冷门才子佳人小说
集藏,八贤传,章回小说,清,6,低,低,清代冷门侠义小说
集藏,六月霜,章回小说,清,3,低,低,秋瑾题材小说残篇，偏冷
集藏,兰闺恨,章回小说,清,4,低,低,清代冷门言情小说
集藏,凤凰池,章回小说,清,10,低,低,清代冷门才子佳人小说
集藏,剑侠奇中奇全传,章回小说,清,9,低,低,清代冷门剑侠小说
集藏,剖心记,章回小说,清,1,低,低,清代冷门小说残篇
集藏,医界镜,章回小说,清,7,低,低,晚清医界讽刺小说，偏冷
集藏,十尾龟,章回小说,清,5,低,低,晚清狭邪小说，偏冷
集藏,升仙传,章回小说,清,12,低,低,道教修仙说教小说，偏冷
集藏,南朝金粉录,章回小说,清,8,低,低,清代冷门历史艳情小说
集藏,双和欢,章回小说,清,12,低,低,清代冷门才子佳人小说
集藏,双龙传,章回小说,清,2,低,低,清代冷门小说残篇
集藏,发财秘诀,章回小说,清,4,低,低,晚清讽刺小说，偏冷
集藏,古戍寒笳记,章回小说,清,7,低,低,清代冷门历史小说
集藏,台战演义,章回小说,清,4,低,低,台湾抗日题材小说残篇，偏冷
集藏,合浦珠,章回小说,清,24,低,低,清代冷门才子佳人小说
集藏,合锦回文传,章回小说,清,15,低,低,清代回文才子佳人小说，偏冷
集藏,同治嫖院,章回小说,清,3,低,低,清代冷门狭邪小说残篇
集藏,后三国石珠演义,章回小说,清,12,低,低,三国续衍神怪小说，偏冷
集藏,后宋慈云走国全传,章回小说,清,9,低,低,清代冷门历史小说
集藏,后官场现形记,章回小说,清,2,低,低,官场现形记仿作残篇
集藏,听月楼,章回小说,清,4,低,低,清代冷门才子佳人小说
集藏,吴江雪,章回小说,清,6,低,低,清代冷门才子佳人小说
集藏,唐末藩镇演义,章回小说,民国,1,低,低,唐末历史演义残篇，偏冷
集藏,商界现形记,章回小说,清,4,低,低,晚清商界讽刺小说，偏冷
集藏,善恶图全传,章回小说,清,10,低,低,清代冷门劝善小说
集藏,回天绮谈,章回小说,清,4,低,低,晚清政治小说残篇，偏冷
集藏,大汉三合明珠宝剑全传,章回小说,清,15,低,低,清代冷门侠义小说
集藏,天女散花,章回小说,民国,4,低,低,民国冷门小说
集藏,天豹图,章回小说,清,3,低,低,清代冷门侠义小说
集藏,女开科传,章回小说,清,6,低,低,清代冷门才子佳人小说
集藏,女界鬼域记,章回小说,清,3,低,低,晚清冷门社会小说
集藏,如此京华,章回小说,民国,14,低,低,民国社会小说，偏冷
集藏,妆钿铲传,章回小说,清,4,低,低,清代冷门小说
集藏,妖狐艳史,章回小说,清,3,低,低,清代冷门狐妖艳情小说
集藏,婆罗岸全传,章回小说,清,7,低,低,清代冷门神怪小说
集藏,媚史,章回小说,清,7,低,低,清代冷门艳情小说
集藏,孝感天,章回小说,清,3,低,低,清代冷门孝义小说
集藏,孤山再梦,章回小说,清,12,低,低,清代冷门才子佳人小说
集藏,守宫砂,章回小说,清,21,低,低,清代冷门侠义小说
集藏,定情人,章回小说,清,8,低,低,清代冷门才子佳人小说
集藏,宛如约,章回小说,清,6,低,低,清代冷门才子佳人小说
集藏,富翁醒世录,章回小说,清,8,低,低,清代冷门劝世小说
集藏,山水情,章回小说,清,10,低,低,清代冷门才子佳人小说
集藏,巧冤家,章回小说,清,9,低,低,清代冷门世情小说
集藏,巧联珠,章回小说,清,10,低,低,清代冷门才子佳人小说
集藏,市声,章回小说,清,4,低,低,晚清社会小说，偏冷
集藏,幻中游,章回小说,清,6,低,低,清代冷门才子佳人小说
集藏,引凤萧,章回小说,清,12,低,低,清代冷门才子佳人小说
集藏,归莲梦,章回小说,清,7,低,低,清代冷门神怪小说
集藏,快士传,章回小说,清,13,低,低,清代冷门英雄小说
集藏,快心编传奇三集,章回小说,清,9,低,低,清代冷门世情小说续集
集藏,快心编传奇二集,章回小说,清,7,低,低,清代冷门世情小说续集
集藏,快心编传奇初集,章回小说,清,6,低,低,清代冷门世情小说
集藏,情梦柝,章回小说,清,4,低,低,清代冷门才子佳人小说
集藏,情楼迷史霞笺记,章回小说,明,4,低,低,明代冷门言情小说
集藏,戏蛾记,章回小说,清,2,低,低,清代冷门小说残篇
集藏,扫魅敦伦东度记,章回小说,明,40,低,低,达摩东渡神魔说教小说，偏冷
集藏,斯文变相,章回小说,清,3,低,低,晚清讽刺小说残篇，偏冷
集藏,新世鸿勋,章回小说,清,9,低,低,明清易代历史小说，偏冷
集藏,新水浒,章回小说,清,6,低,低,旧小说翻新之作，质量平平知名度低
集藏,新纪元,章回小说,清,4,低,低,晚清政治幻想短篇，少人问津
集藏,新茶花,章回小说,清,5,低,低,晚清狭邪小说，影响小知名度低
集藏,新西游记,章回小说,清,3,低,低,西游翻新短篇，无甚特色
集藏,无耻奴,章回小说,清,8,低,低,晚清谴责小说，少有人知
集藏,明月台,章回小说,清,3,低,低,清代才子佳人短篇，无名气
集藏,春秋配,章回小说,清,3,低,低,才子佳人短篇，知名度低
集藏,最近官场秘密史,章回小说,清,9,低,低,晚清官场谴责小说，影响有限
集藏,杀子报,章回小说,清,5,低,低,劝善公案，说教味浓
集藏,枕上晨钟,章回小说,清,4,低,低,劝世短篇小说，无名气
集藏,林黛玉笔记,章回小说,民国,4,低,低,红楼仿写之作，小众
集藏,柳非烟,章回小说,民国,2,低,低,民国通俗短篇，几无人知
集藏,案中冤案,章回小说,清,5,低,低,公案短篇，影响小
集藏,梅兰佳话,章回小说,清,13,低,低,才子佳人小说，无名气
集藏,梦中缘,章回小说,清,4,低,低,才子佳人短篇，小众
集藏,梼杌萃编,章回小说,清,11,低,低,清末谴责小说，少人知
集藏,残水浒,章回小说,民国,3,低,低,水浒续作残篇，小众
集藏,水石缘,章回小说,清,8,低,低,才子佳人小说，无名气
集藏,浓情快史,章回小说,清,11,低,低,艳情小说，文学价值低
集藏,海上花魅影,章回小说,民国,7,低,低,狭邪续仿之作，小众
集藏,海上魂,章回小说,清,10,低,低,晚清时事小说，影响小
集藏,海国春秋,章回小说,清,23,低,低,清代讽喻小说，少人知
集藏,海外扶余,章回小说,清,11,低,低,郑成功题材小说，影响小
集藏,海游记,章回小说,清,10,低,低,神魔小说，无名气
集藏,清代圣人陆稼书演义,章回小说,清,6,低,低,清官劝善演义，说教味浓
集藏,热血痕,章回小说,清,9,低,低,晚清侠义小说，影响小
集藏,熙朝快史,章回小说,清,5,低,低,晚清政治小说，少人知
集藏,玉佛缘,章回小说,清,1,低,低,残篇佛缘小说，几无内容
集藏,玉楼春,章回小说,清,5,低,低,才子佳人小说，无名气
集藏,玉燕姻缘全传,章回小说,清,31,低,低,才子佳人长篇，知名度低
集藏,玉蟾记,章回小说,清,17,低,低,神魔小说，少人知
集藏,瓜分惨祸预言记,章回小说,清,3,低,低,晚清政治预言小说，小众
集藏,生花梦,章回小说,清,5,低,低,才子佳人短篇，无名气
集藏,画图缘,章回小说,清,7,低,低,才子佳人小说，小众
集藏,痴人福,章回小说,清,5,低,低,才子佳人短篇，无名气
集藏,痴人说梦记,章回小说,清,4,低,低,晚清社会小说，影响小
集藏,白圭志,章回小说,清,11,低,低,才子佳人小说，知名度低
集藏,百花野史,章回小说,清,2,低,低,野史短篇，无名气
集藏,皇黎一统志,章回小说,清,2,低,低,越南汉文历史小说，极小众
集藏,瞎骗奇闻,章回小说,清,2,低,低,晚清讽世短篇，无名气
集藏,立宪万岁,章回小说,清,5,低,低,晚清政治讽刺小说，小众
集藏,笏山记,章回小说,清,5,低,低,清代才子佳人小说，无名气
集藏,笔梨园,章回小说,清,4,低,低,才子佳人短篇，无名气
集藏,红风传,章回小说,清,4,低,低,清代侠义短篇，无名气
集藏,终须梦,章回小说,清,11,低,低,才子佳人小说，知名度低
集藏,绣云阁,章回小说,清,40,低,低,道教劝善神魔小说，说教重
集藏,绣像红灯记,章回小说,清,5,低,低,清代通俗短篇，无名气
集藏,绣球缘,章回小说,清,7,低,低,才子佳人小说，知名度低
集藏,续红楼梦未竟稿二十回,章回小说,清,14,低,低,红楼续书残稿，小众
集藏,罂粟花,章回小说,清,7,低,低,晚清社会小说，影响小
集藏,聚仙亭,章回小说,清,4,低,低,神魔短篇，无名气
集藏,苗宫夜合花,章回小说,清,3,低,低,苗疆题材短篇，无名气
集藏,英云梦三生姻缘,章回小说,清,9,低,低,才子佳人小说，小众
集藏,英雄泪,章回小说,清,7,低,低,晚清侠义小说，影响小
集藏,萨真人得道咒枣记,章回小说,明,2,低,低,道教神魔短篇，说教味浓
集藏,蕉叶帕,章回小说,清,3,低,低,才子佳人短篇，无名气
集藏,蜃楼外史,章回小说,清,8,低,低,狭邪小说，知名度低
集藏,蜗触蛮三国争地记,章回小说,清,2,低,低,寓言讽刺短篇，小众
集藏,蜜蜂计,章回小说,清,3,低,低,清代通俗短篇，无名气
集藏,蝴蝶缘,章回小说,清,12,低,低,才子佳人小说，知名度低
集藏,蟫史,章回小说,清,23,低,低,文言寓言小说，艰涩小众
集藏,警富新书,章回小说,清,13,低,低,广东公案小说，小众
集藏,赛红丝,章回小说,清,15,低,低,才子佳人小说，知名度低
集藏,走马春秋,章回小说,清,7,低,低,神魔历史小说，无名气
集藏,跻云楼,章回小说,清,8,低,低,才子佳人小说，知名度低
集藏,载阳堂意外缘,章回小说,清,4,低,低,才子佳人短篇，无名气
集藏,近世社会龌龊史,章回小说,清,6,低,低,晚清谴责小说，影响小
集藏,返生香,章回小说,清,3,低,低,才子佳人短篇，无名气
集藏,醒名花,章回小说,清,8,低,低,才子佳人小说，知名度低
集藏,醒风流,章回小说,清,11,低,低,才子佳人小说，知名度低
集藏,金石缘,章回小说,清,4,低,低,才子佳人小说，无名气
集藏,金莲仙史,章回小说,清,16,低,低,道教神仙小说，说教味浓
集藏,金谷怀春,章回小说,清,12,低,低,才子佳人艳情小说，小众
集藏,金钟传正明集,章回小说,清,16,低,低,劝善宗教小说，说教重
集藏,铁树记,章回小说,明,5,低,低,许逊得道神魔小说，说教味浓
集藏,铁花仙史,章回小说,清,4,低,低,才子佳人小说，知名度低
集藏,银瓶梅,章回小说,清,8,低,低,世情小说，知名度低
集藏,锲唐代吕纯阳得道飞剑记,章回小说,明,4,低,低,吕洞宾神魔小说，说教味浓
集藏,阴阳显报水鬼升城隍全传鬼神传,章回小说,清,3,低,低,因果报应神鬼小说，说教重
集藏,雅观楼,章回小说,清,3,低,低,清代世情短篇，无名气
集藏,青城山隐者记,章回小说,清,1,低,低,残篇隐者小说，几无内容
集藏,青龙传,章回小说,清,2,低,低,侠义短篇，无名气
集藏,风月鉴,章回小说,清,5,低,低,狭邪艳情小说残少质量参差
集藏,驻春园小史,章回小说,清,5,低,低,才子佳人小说平庸无名
集藏,鬼神传,章回小说,清,3,低,低,劝善因果小说篇幅短说教重
集藏,麟儿报,章回小说,清,10,低,低,才子佳人因果小说平庸
集藏,麹头陀传,章回小说,清,8,低,低,写酒僧的因果小说冷僻无名
集藏,黄金世界,章回小说,清,7,低,低,晚清乌托邦小说概念化少故事
史藏,丁晋公谈录,笔记小说,宋,1,低,低,宋代官场谈录琐碎小众
史藏,东南纪闻,笔记小说,宋,1,低,低,宋代地方纪闻残篇小众
史藏,东原录,笔记小说,宋,4,低,低,宋代杂记琐碎小众
史藏,东谷所见,笔记小说,宋,2,低,低,宋代杂记琐碎小众
史藏,两湖麈谈录,笔记小说,清,1,低,低,清代地方谈录残篇小众
史藏,乐郊私语,笔记小说,元,1,低,低,元末小地方见闻残篇，故事性弱
史藏,乙酉笔记,笔记小说,清,3,低,低,明清易代杂记，专门琐碎少看点
史藏,书鲍忠壮公轶事,笔记小说,清,1,低,低,单人轶事残篇，无大众吸引力
史藏,二老堂杂志,笔记小说,宋,3,低,低,宋人考据杂记，偏专门
史藏,云杜故事,笔记小说,清,1,低,低,地方旧事残篇，几无故事性
史藏,云蕉馆纪谈,笔记小说,明,1,低,低,明代琐谈残篇，知名度极低
史藏,五代史阙文,笔记小说,宋,1,低,低,补史阙文残篇，专门性强
史藏,余冬序录,笔记小说,明,6,低,低,明人杂学笔记，偏说理考据
史藏,停骖录摘抄,笔记小说,明,2,低,低,明代官场琐记摘抄，小众
史藏,凤凰台记事,笔记小说,明,1,低,低,地方记事残篇，无看点
史藏,凤城琐录,笔记小说,明,2,低,低,琐碎见闻，知名度低
史藏,前闻记,笔记小说,明,4,低,低,明代见闻杂记，平庸小众
史藏,北梦录,笔记小说,清,5,低,低,清人见闻杂录，知名度低
史藏,北轩笔记,笔记小说,明,1,低,低,明人笔记残篇，无故事
史藏,医闾漫记,笔记小说,明,1,低,低,明人杂记残篇，小众
史藏,卓异记,笔记小说,隋唐,2,低,低,记唐代奇事，篇幅小知名度低
史藏,南北朝杂记,笔记小说,宋,2,低,低,辑南北朝杂事，偏史料
史藏,南游记旧,笔记小说,清,1,低,低,游历旧闻残篇，无看点
史藏,南窗纪谈,笔记小说,宋,1,低,低,宋人杂谈残篇，小众
史藏,南翁梦录,笔记小说,元,2,低,低,越南汉籍逸事，过于专门
史藏,双溪杂记,笔记小说,明,1,低,低,明人杂记残篇，无故事性
史藏,古穰杂录摘抄,笔记小说,明,2,低,低,明代官场琐录摘抄，小众
史藏,后渠杂识,笔记小说,明,1,低,低,明人杂识残篇，无看点
史藏,吕氏杂记,笔记小说,宋,2,低,低,宋人杂记，平庸小众
史藏,咫尺偶闻,笔记小说,清,6,低,低,清人见闻杂记，平庸
史藏,啁啾漫记,笔记小说,清,1,低,低,清人漫记残篇，无看点
史藏,园笔乘,笔记小说,明,2,低,低,明人笔记残篇，小众
史藏,国老谈苑,笔记小说,宋,1,低,低,记宋初名臣言行残篇，小众
史藏,塞外杂识,笔记小说,清,1,低,低,塞外见闻残篇，无故事
史藏,天禄阁外史,笔记小说,明,6,低,低,托名汉人之伪书，可读性低
史藏,守溪笔记,笔记小说,明,3,低,低,王鏊记明代琐事，偏掌故
史藏,定命录,笔记小说,隋唐,1,低,低,唐代命定故事残篇，宿命说教
史藏,宦游偶记,笔记小说,清,2,低,低,清人为官杂记，平庸
史藏,居易录,笔记小说,清,2,低,低,王士禛见闻杂录，偏考据
史藏,居易续谈,笔记小说,清,1,低,低,见闻续谈残篇，平庸
史藏,山居新话,笔记小说,元,2,低,低,元人山居杂记，小众
史藏,山左笔谈,笔记小说,清,1,低,低,山东见闻残篇，无看点
史藏,广卓异记,笔记小说,宋,16,低,低,辑历代奇异事迹，故事性一般
史藏,庄岳委谈,笔记小说,明,3,低,低,胡应麟杂考小说戏曲，偏学问
史藏,庐陵官下记,笔记小说,宋,1,低,低,地方为官杂记残篇，小众
史藏,庚申君遗事,笔记小说,民国,1,低,低,元顺帝身世传说残篇，小众
史藏,弢园笔乘,笔记小说,清,1,低,低,王韬笔记残篇，知名度低
史藏,归庐谭往录,笔记小说,清,1,低,低,清人追忆往事残篇，平庸
史藏,彭文宪公笔记,笔记小说,明,1,低,低,明臣彭时笔记残篇，小众
史藏,徐襄阳西园杂记,笔记小说,明,3,低,低,明人杂记，平庸小众
史藏,戴东原先生轶事,笔记小说,清,1,低,低,记戴震轶事残篇，小众
史藏,所闻录,笔记小说,五代,1,低,低,五代见闻残篇，无看点
史藏,扈从东巡日录,笔记小说,清,3,低,低,随帝东巡日录，专门琐碎
史藏,扈从西巡日录,笔记小说,清,2,低,低,随帝西巡日录，专门琐碎
史藏,损斋备忘录,笔记小说,明,4,低,低,明人备忘杂记，小众
史藏,斯未信斋杂录,笔记小说,清,9,低,低,徐宗干宦台杂录，专门小众
史藏,日闻录,笔记小说,元,1,低,低,元人见闻残篇，无看点
史藏,明道杂志,笔记小说,宋,2,低,低,张耒杂记残篇，小众
史藏,昨梦录,笔记小说,宋,1,低,低,宋人追忆汴京残篇，平庸
史藏,月河所闻集,笔记小说,宋,2,低,低,宋人见闻集，平庸小众
史藏,朝野佥言,笔记小说,宋,1,低,低,记靖康事残篇，小众
史藏,朝野遗记,笔记小说,宋,1,低,低,记南宋朝野遗事残篇，小众
史藏,松亭行纪,笔记小说,清,3,低,低,出塞行纪，专门游记
史藏,梁溪漫志,笔记小说,宋,4,低,低,费衮考据杂记，偏学问
史藏,檐醉杂记,笔记小说,清,3,低,低,清人杂记，平庸小众
史藏,步里客谈,笔记小说,宋,2,低,低,宋人谈艺杂记，偏诗论
史藏,江南闻见录,笔记小说,明,1,低,低,江南见闻残篇，无看点
史藏,治世余闻,笔记小说,明,3,低,低,陈洪谟记明孝宗朝事，掌故平庸
史藏,清代之竹头木屑,笔记小说,清,3,低,低,清代琐屑见闻辑，平庸
史藏,清稗琐缀,笔记小说,清,1,低,低,清代琐事缀辑残篇，平庸
史藏,渠丘耳梦录,笔记小说,清,3,低,低,清人见闻杂录，小众
史藏,濯缨亭笔记,笔记小说,明,4,低,低,明人笔记，平庸小众
史藏,玉堂荟记,笔记小说,明,7,低,低,记明末翰林见闻，专门掌故
史藏,王文恪公笔记,笔记小说,明,3,低,低,王鏊笔记残篇，掌故平庸
史藏,王文正公笔录,笔记小说,宋,1,低,低,记王旦言行残篇，小众
史藏,王文正公遗事,笔记小说,宋,2,低,低,记王旦遗事残篇，小众
史藏,珍席放谈,笔记小说,宋,1,低,低,宋人谈艺杂记残篇，小众
史藏,甲申杂记,笔记小说,宋,1,低,低,王巩记北宋杂事残篇，平庸
史藏,畜德录,笔记小说,明,1,低,低,记善行劝德残篇，说教味
史藏,病逸漫记,笔记小说,明,2,低,低,陆釴病中漫记，平庸小众
史藏,百可漫志,笔记小说,明,1,低,低,明人漫记残篇，无看点
史藏,瞑庵二识,笔记小说,清,2,低,低,清人见闻杂识，平庸
史藏,瞑庵杂识,笔记小说,清,2,低,低,清人杂识残篇，小众
史藏,碧里杂存,笔记小说,明,2,低,低,明人杂记残篇，小众
史藏,翰苑遗事,笔记小说,宋,1,低,低,记翰林院旧事残篇，专门
史藏,舟车闻见录,笔记小说,清,1,低,低,旅途见闻残篇，无看点
史藏,苹野纂闻,笔记小说,明,1,低,低,明人见闻残篇，小众
史藏,葆光录,笔记小说,五代,2,低,低,记五代灵异因果，说教味
史藏,蓬轩类记,笔记小说,明,4,低,低,黄暐记明代杂事，平庸
史藏,蕉窗雨话,笔记小说,清,1,低,低,清人杂话残篇，平庸
史藏,蕉轩续录,笔记小说,清,4,低,低,清代掌故续录，平庸
史藏,蜀都杂抄,笔记小说,明,1,低,低,记成都风物残篇，无看点
史藏,行素斋杂记,笔记小说,清,8,低,低,清人杂记，平庸小众
史藏,行营杂录,笔记小说,宋,1,低,低,军营见闻残篇，无看点
史藏,西村十记,笔记小说,明,1,低,低,明人游记杂记残篇，小众
史藏,见闻纪训,笔记小说,明,1,低,低,记善恶报应见闻残篇，说教
史藏,解酲语,笔记小说,明,1,低,低,明人谐谈残篇，平庸
史藏,謇斋琐缀录,笔记小说,明,4,低,低,尹直记明代朝野琐事，掌故平庸
史藏,诚斋挥麈录,笔记小说,宋,1,低,低,托名杨万里之杂记残篇，小众
史藏,豫章漫抄,笔记小说,明,3,低,低,陆深杂抄，平庸小众
史藏,辽阳闻见录,笔记小说,清,1,低,低,辽阳见闻残篇，无看点
史藏,过庭录,笔记小说,宋,3,低,低,范公偁记家族旧闻，平庸
史藏,过眼录,笔记小说,清,9,低,低,清人见闻杂录，平庸
史藏,遵闻录,笔记小说,明,1,低,低,明人见闻残篇，无看点
史藏,金台纪闻,笔记小说,明,1,低,低,陆深记京城见闻残篇，小众
史藏,阳秋剩笔,笔记小说,明,1,低,低,残篇杂记，无完整故事性
史藏,陶庐杂录,笔记小说,清,8,低,低,典制掌故为主，故事性弱
史藏,随手杂录,笔记小说,宋,1,低,低,残篇杂记，无故事性
史藏,随隐漫录,笔记小说,宋,3,低,低,宋代琐闻杂录，较小众
史藏,震泽纪闻,笔记小说,明,1,低,低,地方人物琐记，篇幅极短
史藏,靖康缃素杂记,笔记小说,宋,5,低,低,考据辨证为主，故事性弱
史藏,风倒梧桐记,笔记小说,明,2,低,低,冷僻小记，无大众吸引力
史藏,馥芬居日记,笔记小说,清,2,低,低,私人日记，琐碎无故事
史藏,骖鸾录,笔记小说,宋,2,低,低,范成大行旅记，偏游记小众
史藏,鲲瀛日记,笔记小说,清,3,低,低,私人日记，琐碎无故事
史藏,麈史,笔记小说,宋,9,低,低,宋代典制杂考，故事性弱
子藏,丁香花,笔记小说,清,1,低,低,单篇小记，篇幅极短
子藏,万柳溪边旧话,笔记小说,元,1,低,低,家族旧事杂记，篇幅极短
子藏,东南纪闻,笔记小说,宋,2,低,低,宋代琐闻杂录，小众
子藏,东原录,笔记小说,宋,2,低,低,宋代杂记，故事性弱
子藏,东山杂记,笔记小说,清,5,低,低,清代杂记，小众
子藏,东斋记事,笔记小说,宋,2,低,低,范镇记朝野旧事，偏专门
子藏,中朝故事,笔记小说,五代,1,低,低,唐末轶事琐记，篇幅极短
子藏,乐郊私语,笔记小说,元,1,低,低,地方杂记，篇幅极短
子藏,书斋夜话,笔记小说,宋,2,低,低,宋代琐谈，小众
子藏,二酉委谭摘录,笔记小说,明,1,低,低,杂谈摘抄，篇幅极短
子藏,二酉缀遗,笔记小说,明,3,低,低,补遗杂记，小众
子藏,五总志,笔记小说,宋,2,低,低,宋代杂考琐记，故事性弱
子藏,佩韦斋辑闻,笔记小说,宋,2,低,低,宋代杂考辑闻，小众
子藏,儒林公议,笔记小说,宋,2,低,低,记北宋朝政议论，偏专门
子藏,先进遗风,笔记小说,明,3,低,低,前辈言行琐记，小众
子藏,养疴漫笔,笔记小说,宋,1,低,低,养病随笔，篇幅极短
子藏,分门古今类事,笔记小说,宋,54,低,低,命相果报类编，说教工具书味重
子藏,制府杂录,笔记小说,清,1,低,低,官署杂记，篇幅极短
子藏,勤有堂随录,笔记小说,元,1,低,低,读书随记，篇幅极短
子藏,北窗炙輠录,笔记小说,宋,4,低,低,宋代谈艺杂记，小众
子藏,北窗琐语,笔记小说,明,2,低,低,明代琐记，小众
子藏,北轩笔记,笔记小说,元,1,低,低,元代杂记，篇幅极短
子藏,半村野人闲谈,笔记小说,明,2,低,低,闲谈杂记，小众
子藏,南园漫录,笔记小说,明,6,低,低,云南风物杂记，偏地方专门
子藏,南窗漫记引,笔记小说,明,1,低,低,序引残篇，篇幅极短
子藏,南窗记谈,笔记小说,宋,1,低,低,宋代杂谈，篇幅极短
子藏,却扫编,笔记小说,宋,3,低,低,宋代朝章典故，偏专门
子藏,历代崇道记,笔记小说,隋唐,1,低,低,道教崇道记述，说教篇幅短
子藏,原李耳载,笔记小说,明,4,低,低,明代杂闻琐记，小众
子藏,县笥琐探摘抄,笔记小说,明,2,低,低,摘抄杂记，小众
子藏,友会谈丛,笔记小说,宋,1,低,低,宋代谈丛残篇，篇幅极短
子藏,双槐岁钞,笔记小说,明,7,低,低,明代朝野掌故，偏专门
子藏,只麈谭,笔记小说,明,2,低,低,清谈杂记，小众
子藏,吕氏杂记,笔记小说,宋,2,低,低,宋代杂记，小众
子藏,君子堂日询手镜,笔记小说,明,1,低,低,广西风物日记，偏地方专门
子藏,吴中故语,笔记小说,明,1,低,低,吴地旧事，篇幅极短
子藏,吴乘窃笔,笔记小说,明,2,低,低,地方轶事杂记，小众
子藏,嘉祐杂志,笔记小说,宋,8,低,低,宋代朝野杂记，偏专门
子藏,国老谈苑,笔记小说,宋,2,低,低,宋初名臣轶事，偏专门
子藏,埋愁室丛话,笔记小说,清,1,低,低,丛话杂谈，篇幅极短
子藏,天史,笔记小说,明,9,低,低,因果报应类编，说教味重
子藏,孙公谈圃,笔记小说,宋,2,低,低,宋代谈圃杂记，小众
子藏,宜斋野乘,笔记小说,宋,2,低,低,宋代野史杂记，小众
子藏,客座偶谈,笔记小说,清,2,低,低,清代闲谈杂记，小众
子藏,对山余墨,笔记小说,清,2,低,低,清代杂记，小众
子藏,小螺庵病榻忆语,笔记小说,清,1,低,低,悼亡忆语小品，篇幅极短
子藏,尚书故实,笔记小说,隋唐,1,低,低,典故旧事残篇，篇幅极短
子藏,山公九原,笔记小说,明,1,低,低,冷僻小记，篇幅极短
子藏,山居新话,笔记小说,元,3,低,低,元代见闻杂记，小众
子藏,岚斋集,笔记小说,隋唐,1,低,低,唐代杂记残篇，篇幅极短
子藏,师友谈记,笔记小说,宋,1,低,低,师友言论辑录，篇幅极短
子藏,广客谈,笔记小说,元,1,低,低,元代杂谈，篇幅极短
子藏,异闻杂录,笔记小说,清,3,低,低,异闻杂抄，小众
子藏,异闻记,笔记小说,魏晋南北朝,1,低,低,志怪残篇，篇幅极短
子藏,张太史明道杂志,笔记小说,宋,1,低,低,宋代杂志残篇，篇幅极短
子藏,张氏可书,笔记小说,宋,1,低,低,宋代琐记，篇幅极短
子藏,御制广寒殿记,笔记小说,明,1,低,低,帝王题记，篇幅极短
子藏,御制纪梦 ,笔记小说,明,1,低,低,帝王纪梦小文，篇幅极短
子藏,思无邪小记,笔记小说,清,6,低,低,艳情考辨小记，偏专门小众
子藏,悔逸斋笔乘,笔记小说,清,3,低,低,清末笔记，小众
子藏,故宫漫载,笔记小说,民国,1,低,低,故宫见闻小记，篇幅极短
子藏,方洲杂言,笔记小说,明,1,低,低,明代杂言，篇幅极短
子藏,日闻录,笔记小说,元,1,低,低,元代见闻杂记，篇幅极短
子藏,春明退朝录,笔记小说,宋,3,低,低,宋代朝章典故，偏专门
子藏,机警,笔记小说,明,1,低,低,机智故事小辑，篇幅极短
子藏,杌近志,笔记小说,明,2,低,低,冷僻杂记，小众
子藏,枫窗小牍,笔记小说,宋,1,低,低,宋代琐记，篇幅极短
子藏,梼杌近志,笔记小说,明,2,低,低,冷僻杂记，小众
子藏,江邻幾杂志,笔记小说,宋,8,低,低,宋代朝野杂记，偏专门
子藏,泾林续记,笔记小说,明,1,低,低,明代见闻小记，篇幅极短
子藏,海陬冶游录,笔记小说,清,2,低,低,上海风月杂记，偏地方小众
子藏,渔樵闲话录,笔记小说,宋,1,低,低,渔樵问答小品，篇幅极短
子藏,温公琐语,笔记小说,宋,1,低,低,司马光琐记残篇，篇幅极短
子藏,游宦纪闻,笔记小说,宋,3,低,低,张世南宦游见闻，偏专门
子藏,湖山叙游,笔记小说,清,1,低,低,游记小品，篇幅极短
子藏,湘烟小录,笔记小说,清,8,低,低,悼亡忆语小录，偏小众
子藏,溪山余话,笔记小说,明,1,低,低,明代杂记，篇幅极短
子藏,漱华随笔,笔记小说,清,3,低,低,清代读书随笔，小众
子藏,潮嘉风月,笔记小说,清,1,低,低,潮州风月杂记，偏地方小众
子藏,燕台花事录,笔记小说,清,1,低,低,北京风月杂记，偏地方小众
子藏,燕子春秋,笔记小说,清,3,低,低,风月杂记，小众
子藏,燕闲录,笔记小说,明,1,低,低,明代闲录残篇，篇幅极短
子藏,物犹如此,笔记小说,清,18,低,低,劝善戒杀类编，说教味重
子藏,玉堂嘉话,笔记小说,元,5,低,低,元代翰林杂记，偏专门
子藏,王文正笔录,笔记小说,宋,1,低,低,王曾笔录残篇，篇幅极短
子藏,王氏谈录,笔记小说,宋,3,低,低,王洙谈论辑录，小众
子藏,王氏谈録,笔记小说,宋,6,低,低,王洙谈论辑录，与王氏谈录同书小众
子藏,珍席放谈,笔记小说,宋,2,低,低,宋代闲谈杂记，小众
子藏,珠江名花小传,笔记小说,清,1,低,低,青楼名妓琐记篇幅极短，小众且无故事性
子藏,琅琊漫抄,笔记小说,明,1,低,低,明代杂闻残篇，无故事性且罕见
子藏,甲申杂记,笔记小说,宋,1,低,低,宋代朝野杂记残篇，偏史料无故事性
子藏,画墁录,笔记小说,宋,3,低,低,宋代琐闻杂录，专门冷僻
子藏,番禺杂记,笔记小说,宋,1,低,低,岭南风物残篇，地方志性质无故事
子藏,石屋余渖,笔记小说,民国,12,低,低,民国掌故笔记，专门偏史料
子藏,石屋续渖,笔记小说,民国,5,低,低,民国掌故续编，专门偏史料
子藏,石林燕语,笔记小说,宋,6,低,低,叶梦得记典章掌故，偏考据少故事
子藏,研北杂志,笔记小说,元,9,低,低,元代文人杂记，偏考据冷僻
子藏,碧云騢,笔记小说,宋,1,低,低,宋代讥评朝臣残篇，专门无故事
子藏,祐山杂说,笔记小说,明,2,低,低,明代杂说短篇，冷僻无知名度
子藏,秦鬟楼谈录,笔记小说,清,1,低,低,清代谈录残篇，冷僻无故事性
子藏,窥天外乘,笔记小说,明,1,低,低,明代杂记残篇，冷僻无故事
子藏,竹西花事小录,笔记小说,清,2,低,低,扬州青楼琐记，小众无大众吸引力
子藏,竹间十日话,笔记小说,民国,4,低,低,民国地方掌故，专门冷僻
子藏,竹间续话,笔记小说,民国,5,低,低,民国地方掌故续编，专门冷僻
子藏,笔梦叙,笔记小说,清,1,低,低,清代琐记残篇，冷僻无知名度
子藏,笔记,笔记小说,不详,4,低,低,无名氏杂记，来历不详无故事性
子藏,笔记-明-陈继儒,笔记小说,明,6,低,低,陈继儒杂记小品，偏清言少故事
子藏,筠廊二笔,笔记小说,清,2,低,低,清代笔记续篇，冷僻无知名度
子藏,筠廊偶笔,笔记小说,清,4,低,低,清代杂记偶笔，冷僻无故事性
子藏,绀珠集,笔记小说,宋,54,低,低,宋代类编小说摘抄，资料汇编少故事
子藏,续仙传,笔记小说,五代,2,低,低,道教神仙传记，说教味重少故事
子藏,续墨客挥犀,笔记小说,宋,4,低,低,宋代杂记续编，冷僻偏考据
子藏,续湘山野录,笔记小说,宋,3,低,低,宋代野史掌故续编，偏史料
子藏,网庐漫墨,笔记小说,民国,1,低,低,民国杂墨残篇，冷僻无故事
子藏,耄余杂识,笔记小说,明,2,低,低,明代老年杂识，冷僻无故事
子藏,耆旧续闻,笔记小说,宋,3,低,低,宋代故老见闻，偏史料少故事
子藏,耳目记,笔记小说,隋唐,1,低,低,唐代见闻残篇，冷僻无故事性
子藏,能改斋漫录,笔记小说,宋,29,低,低,吴曾考证杂录，偏考据无故事性
子藏,芦浦笔记,笔记小说,宋,4,低,低,宋代考据杂记，专门冷僻
子藏,花底拾遗,笔记小说,隋唐,1,低,低,唐代琐记残篇，冷僻无故事
子藏,花烛闲谈,笔记小说,清,1,低,低,清代婚俗闲谈残篇，冷僻无故事
子藏,花里活,笔记小说,清,4,低,低,清代花卉品评，专门无故事性
子藏,苇航纪谈,笔记小说,宋,1,低,低,宋代杂谈残篇，冷僻无知名度
子藏,苌楚斋三笔,笔记小说,民国,12,低,低,刘声木掌故笔记，偏史料考据
子藏,苌楚斋五笔,笔记小说,民国,10,低,低,刘声木掌故笔记，偏史料考据
子藏,苌楚斋四笔,笔记小说,民国,10,低,低,刘声木掌故笔记，偏史料考据
子藏,苌楚斋续笔,笔记小说,民国,19,低,低,刘声木掌故笔记，偏史料考据
子藏,苌楚斋随笔,笔记小说,民国,12,低,低,刘声木掌故笔记，偏史料考据
子藏,苏谈,笔记小说,明,4,低,低,苏州地方杂谈，地方志性质少故事
子藏,蒙斋笔谈,笔记小说,宋,1,低,低,宋代笔谈残篇，冷僻无故事
子藏,藏一话腴,笔记小说,宋,2,低,低,宋代杂记话腴，冷僻偏考据
子藏,西堂日记,笔记小说,明,1,低,低,明代日记残篇，冷僻无故事性
子藏,西征随笔,笔记小说,清,3,低,低,清代行旅随笔，偏纪实少故事
子藏,西斋话记,笔记小说,宋,2,低,低,宋代话记残篇，冷僻无知名度
子藏,西湖小史,笔记小说,清,1,低,低,西湖小史残篇，偏地志少故事
子藏,西湖杂记,笔记小说,明,1,低,低,西湖杂记残篇，偏地志无故事
子藏,西轩客谈,笔记小说,宋,1,低,低,宋代客谈残篇，冷僻无知名度
子藏,觚不觚录,笔记小说,明,1,低,低,王世贞记典制变迁，偏史论少故事
子藏,记事珠,笔记小说,隋唐,3,低,低,唐代琐记杂事，冷僻无故事性
子藏,诚斋杂记,笔记小说,元,3,低,低,元代杂记摘录，冷僻偏汇编
子藏,谈渊,笔记小说,宋,1,低,低,宋代谈渊残篇，冷僻无故事
子藏,谈美人,笔记小说,清,1,低,低,清代品评美人短篇，小众无故事性
子藏,谈苑,笔记小说,宋,3,低,低,宋代轶闻杂谈，偏掌故少故事
子藏,谈辂,笔记小说,明,1,低,低,明代杂谈残篇，冷僻无知名度
子藏,谏书稀庵笔记,笔记小说,民国,4,低,低,民国杂记笔记，冷僻无故事
子藏,谷山笔麈,笔记小说,明,17,低,低,于慎行明代杂记，偏史论考据
子藏,贡愚录,笔记小说,清,1,低,低,清代杂录残篇，冷僻无知名度
子藏,贤博编,笔记小说,明,9,低,低,明代见闻杂编，偏掌故少故事
子藏,贤弈编,笔记小说,明,5,低,低,明代格言杂编，说教味偏专门
子藏,贤识录,笔记小说,明,1,低,低,明代见闻残篇，冷僻无故事
子藏,贵耳集,笔记小说,宋,4,低,低,张端义宋代杂记，偏掌故考据
子藏,贾氏谭录,笔记小说,宋,1,低,低,宋代谭录残篇，冷僻无故事性
子藏,赏心乐事,笔记小说,宋,2,低,低,张鎡园林游赏记，专门无故事
子藏,辨疑志,笔记小说,隋唐,1,低,低,唐代辨疑残篇，冷僻无故事
子藏,过庭录,笔记小说,宋,2,低,低,宋代家训杂记，偏掌故少故事
子藏,遂昌杂录,笔记小说,元,1,低,低,元代杂录残篇，冷僻无故事性
子藏,道山清话,笔记小说,宋,2,低,低,宋代清谈杂记，偏掌故少故事
子藏,避暑录话,笔记小说,宋,4,低,低,叶梦得避暑杂谈，偏考据少故事
子藏,郡阁雅言,笔记小说,五代,1,低,低,五代诗话残篇，偏诗评无故事
子藏,郴行录,笔记小说,宋,2,低,低,宋代行旅记，偏纪行少故事
子藏,都公谭纂,笔记小说,明,2,低,低,都穆杂谈辑录，冷僻少故事
子藏,醴泉笔录,笔记小说,宋,5,低,低,宋代笔录残编，冷僻无故事
子藏,采芹录,笔记小说,明,3,低,低,明代杂录，冷僻偏考据
子藏,野老纪闻,笔记小说,宋,1,低,低,宋代纪闻残篇，冷僻无故事性
子藏,金华子杂编,笔记小说,五代,2,低,低,五代轶事杂编，偏掌故少故事
子藏,金川妖姬志,笔记小说,清,1,低,低,清代妖姬志短篇，小众无知名度
子藏,金璧故事,笔记小说,明,3,低,低,明代典故辑录，资料汇编少故事
子藏,钗小志,笔记小说,隋唐,2,低,低,妇女妆饰琐记，专门无故事性
子藏,钱氏私志,笔记小说,宋,1,低,低,宋代家族私记残篇，冷僻无故事
子藏,长水日抄,笔记小说,明,1,低,低,明代日抄残篇，冷僻无故事性
子藏,闲中今古录摘抄,笔记小说,明,1,低,低,明代古录摘抄残篇，偏汇编无故事
子藏,闲居录,笔记小说,元,3,低,低,元代闲居杂录，冷僻少故事
子藏,闲燕常谈,笔记小说,宋,1,低,低,宋代闲谈残篇，冷僻无知名度
子藏,闻见近录,笔记小说,宋,1,低,低,宋代见闻残篇，偏掌故少故事
子藏,陇蜀余闻,笔记小说,清,1,低,低,陇蜀风物残篇，偏地志无故事
子藏,陶朱新录,笔记小说,宋,2,低,低,宋代杂录新编，冷僻少故事
子藏,随手杂录,笔记小说,宋,1,低,低,宋代随手杂记残篇，冷僻无故事
子藏,随隐漫录,笔记小说,宋,2,低,低,宋末隐居杂录，偏掌故少故事
子藏,雨航杂录,笔记小说,明,3,低,低,明代杂录，冷僻偏考据
子藏,雪履斋笔记,笔记小说,元,3,低,低,元代笔记残篇，冷僻无故事性
子藏,霏雪录,笔记小说,明,4,低,低,明代杂录，冷僻偏考据
子藏,青溪暇笔,笔记小说,明,3,低,低,明代暇笔杂记，冷僻少故事
子藏,青眉,笔记小说,清,1,低,低,清代品评短篇，小众无故事性
子藏,青箱杂记,笔记小说,宋,10,低,低,吴处厚宋代杂记，偏掌故诗评
子藏,韵石斋笔谈,笔记小说,清,3,低,低,清代鉴藏笔谈，专门无故事
子藏,顾竹侯灯窗漫录,笔记小说,清,1,低,低,清代漫录残篇，冷僻无知名度
子藏,颜乐堂记,笔记小说,明,1,低,低,明代堂记残篇，冷僻无故事
子藏,食色绅言,笔记小说,明,4,低,低,明代养生格言，说教味偏专门
子藏,餐樱庑随笔,笔记小说,民国,8,低,低,民国随笔杂记，冷僻无故事性
子藏,香天谈薮,笔记小说,明,1,低,低,明代谈薮残篇，冷僻无知名度
子藏,香祖笔记,笔记小说,清,10,低,低,王士禛杂记，偏诗话考据少故事
子藏,骨董祸,笔记小说,清,1,低,低,清代骨董短篇，小众无知名度
子藏,高斋漫录,笔记小说,宋,1,低,低,宋代漫录残篇，冷僻无故事
子藏,鲊话,笔记小说,明,1,低,低,明代杂话残篇，冷僻无知名度
子藏,鸡肋,笔记小说,宋,1,低,低,宋代杂记残篇，冷僻无故事性
子藏,鸳鸯牒,笔记小说,明,1,低,低,明代戏拟册牒短篇，小众无故事
子藏,鹤山笔录,笔记小说,宋,1,低,低,宋代笔录残篇，冷僻无知名度
子藏,麈史,笔记小说,宋,4,低,低,王得臣宋代杂记，偏掌故考据
子藏,龙会兰池录,笔记小说,明,4,低,低,明代杂录，冷僻无故事性
子藏,龙兴慈记,笔记小说,明,1,低,低,记朱元璋发迹传说，篇短偏神化
子藏,龙川略志,笔记小说,宋,3,低,低,苏辙杂记，偏掌故议论少故事
子藏,侯鲭录,笔记小说,宋,4,低,低,赵令畤宋代杂记，偏掌故诗话
艺藏,山房随笔,笔记小说,元,1,低,低,元代诗话随笔残篇，偏诗评无故事
诗藏,豹隐纪谈,笔记小说,宋,1,低,低,宋代纪谈残篇，冷僻无故事性
诗藏,近代词人逸事,笔记小说,民国,1,低,低,民国词人轶事残篇，偏掌故小众
诗藏,遯斋闲览,笔记小说,宋,1,低,低,宋代闲览残篇，冷僻无故事
集藏,十二笑,笔记小说,明,6,低,低,明代冷门笑话故事集
集藏,三教偶拈,话本拟话本,明,11,低,低,冯梦龙三教故事集，偏冷
集藏,二荷花史,话本拟话本,清,9,低,低,粤语木鱼书才子佳人，偏小众
集藏,云仙笑,话本拟话本,清,5,低,低,清代冷门话本集
集藏,八洞天,话本拟话本,清,10,低,低,清代拟话本集，偏冷
集藏,双灯记,话本拟话本,清,2,低,低,清代冷门话本残篇
集藏,四巧说,话本拟话本,清,8,低,低,清代冷门拟话本集
集藏,天凑巧,话本拟话本,清,3,低,低,清代冷门拟话本集
集藏,娱目醒心编,话本拟话本,清,8,低,低,清代劝世拟话本集，偏冷
集藏,戏中戏,话本拟话本,清,3,低,低,清代冷门拟话本集
集藏,明刻话本四种,话本拟话本,明,3,低,低,话本残辑，偏文献性
集藏,毛公案,话本拟话本,明,3,低,低,公案短篇，知名度低
集藏,炎凉岸,话本拟话本,清,3,低,低,拟话本短篇，无名气
集藏,珍珠舶,话本拟话本,清,12,低,低,清代拟话本，无名气
集藏,生绡剪,话本拟话本,清,16,低,低,清代拟话本集，知名度低
集藏,百花弹词,话本拟话本,清,1,低,低,弹词残篇，几无内容
集藏,续廉明公案传,话本拟话本,明,5,低,低,公案话本续辑，知名度低
集藏,花案奇闻,话本拟话本,清,7,低,低,公案话本，知名度低
集藏,草木传草木春秋药绘图,话本拟话本,清,1,低,低,药名拟人残篇，无故事性
集藏,警寤钟,话本拟话本,清,5,低,低,劝世拟话本，说教味浓
集藏,训世评话,话本拟话本,明,4,低,低,朝鲜汉语教材话本，研究性
集藏,贪欣误,话本拟话本,明,7,低,低,劝世拟话本，说教味浓
集藏,郭公案,话本拟话本,明,11,低,低,公案话本，知名度低
集藏,锦绣衣,话本拟话本,清,4,低,低,拟话本短篇，无名气
集藏,闪电窗,话本拟话本,清,3,低,低,拟话本短篇，无名气
集藏,雨花香,话本拟话本,清,8,低,低,劝善拟话本集，说教味浓
史藏,魂南记,历史纪事,明,2,低,低,历史纪事补录
史藏,鸦片事略,历史纪事,清,5,中,中,历史纪事补录
史藏,鹿樵纪闻,历史纪事,清,10,中,中,历史纪事补录
史藏,龙飞录,历史纪事,明,1,低,低,历史纪事补录
史藏,史记,历史纪事,汉,61,高,高,历史纪事补录
史藏,史记四库,历史纪事,汉,76,高,高,历史纪事补录
史藏,吴越春秋,历史纪事,汉,1,高,中,历史纪事补录
史藏,越绝书,历史纪事,汉,8,中,中,历史纪事补录
子藏,先拨志始,历史纪事,明,14,低,低,历史纪事补录
子藏,出劫纪略,历史纪事,清,2,低,低,历史纪事补录
子藏,满清外史,历史纪事,民国,5,低,中,历史纪事补录
子藏,献帝春秋,历史纪事,魏晋南北朝,1,中,中,历史纪事补录
子藏,王阳明靖乱录,历史纪事,明,15,中,中,历史纪事补录
子藏,甲申闻见二录补遗,历史纪事,清,1,低,低,历史纪事补录
子藏,述庵秘录,历史纪事,清,1,低,低,历史纪事补录
子藏,靖乱录,历史纪事,明,35,中,中,历史纪事补录
子藏,靖康稗史笺证,历史纪事,宋,38,中,中,历史纪事补录
集藏,瀛海偕亡记,历史纪事,清,7,低,低,历史纪事补录
集藏,元朝秘史,历史纪事,明,6,中,高,历史纪事补录
史藏,帝鉴图说,历史纪事,明,6,中,中,历史纪事补录
史藏,战国策,历史纪事,汉,14,高,高,历史纪事补录
史藏,扬州十日记,历史纪事,清,1,中,中,历史纪事补录
史藏,扬州屠城亲历,历史纪事,清,1,低,低,历史纪事补录
史藏,明季遗闻,历史纪事,清,4,低,低,历史纪事补录
史藏,梁公九谏,历史纪事,隋唐,1,低,低,历史纪事补录
史藏,梅花岭遗事,历史纪事,清,1,低,低,历史纪事补录
史藏,正统北狩事迹,历史纪事,明,1,低,低,历史纪事补录
史藏,汉末英雄记,历史纪事,魏晋南北朝,4,中,中,历史纪事补录
史藏,洪杨轶闻,历史纪事,清,2,低,低,历史纪事补录
史藏,海上见闻录,历史纪事,清,7,中,低,历史纪事补录
史藏,清宫禁二年记,历史纪事,清,7,中,中,历史纪事补录
史藏,渚宫旧事,历史纪事,隋唐,3,低,低,历史纪事补录
史藏,胜朝彤史拾遗记,历史纪事,清,3,低,低,历史纪事补录
史藏,贞陵遗事,历史纪事,隋唐,2,低,低,历史纪事补录
史藏,钱塘遗事,历史纪事,元,6,中,低,历史纪事补录
史藏,靖海纪略,历史纪事,清,5,低,低,历史纪事补录
史藏,靖难功臣录,历史纪事,明,1,低,低,历史纪事补录
史藏,革除逸史,历史纪事,明,2,低,低,历史纪事补录
史藏,革除遗事,历史纪事,明,6,低,低,历史纪事补录
