藏,书名,题材,朝代,页数,有无今译,source_url,备注
史藏,列女传,人物传记,汉,4,是,https://www.dedao.cn/ebook/detail?id=AnKgjNlArlXVNGKD1yL2Ek6YaogQv0Y5el0bZ4RBn7j589zJpMxmdPeqOYDxqL4y,有译注及今注今译本
史藏,古列女传,人物传记,汉,6,是,https://www.dedao.cn/ebook/detail?id=AnKgjNlArlXVNGKD1yL2Ek6YaogQv0Y5el0bZ4RBn7j589zJpMxmdPeqOYDxqL4y,绿净古列女传译注本
史藏,唐才子传,人物传记,元,6,是,https://baike.baidu.com/item/%E5%94%90%E6%89%8D%E5%AD%90%E4%BC%A0%E5%85%A8%E8%AF%91/9930372,李立朴唐才子传全译本
史藏,高士传,人物传记,魏晋南北朝,4,是,http://ab.newdu.com/book/mb882.html,国学典籍网白话全本翻译
道藏,列仙传,人物传记,汉,3,是,https://www.dedao.cn/ebook/detail?id=Lk89Yv4kyM12eaG795DmKAponOvLVWvBYrWZzdbYxN84JQR6XgEqBPljrbpzARlB,中华书局全本全注全译林屋译注
道藏,墉城集仙录,人物传记,隋唐,3,是,https://www.wenyanguji.com/zi/yongchengjixianlu,文言古籍网有全译文白话文
道藏,神仙传,人物传记,魏晋南北朝,4,是,http://ab.newdu.com/book/b2755.html,国学典籍网白话全本全文翻译
道藏,长春真人西游记,人物传记,元,1,是,https://zh.wikipedia.org/zh-hans/%E9%95%BF%E6%98%A5%E7%9C%9F%E4%BA%BA%E8%A5%BF%E6%B8%B8%E8%AE%B0,三民书局新译、党宝海译注本
集藏,全相二十四孝诗选,人物传记,元,3,是,https://www.wenyanguji.com/ji/quanxiangershisixiaoshixuan,有原文译文白话
佛藏,一切智光明仙人慈心因缘不食肉经,佛教故事,魏晋南北朝,1,是,http://read.goodweb.net.cn/news/news_view.asp?newsid=48331,显密文库有白话文参考
佛藏,众经撰杂譬喻,佛教故事,魏晋南北朝,2,是,https://www.dushu.com/book/11838729/,中华书局杂譬喻经译注四种
佛藏,众经撰杂譬喻经,佛教故事,魏晋南北朝,2,是,https://www.dushu.com/book/11838729/,中华书局杂譬喻经译注四种
佛藏,佛所行赞,佛教故事,魏晋南北朝,48,是,https://books.google.com/books/about/%E6%A2%B5%E6%B1%89%E5%AF%B9%E5%8B%98%E4%BD%9B%E6%89%80%E8%A1%8C%E8%B5%9E.html?id=fCwxjwEACAAJ,黄宝生梵汉对勘佛所行赞
佛藏,佛所行赞经,佛教故事,魏晋南北朝,47,是,https://books.google.com/books/about/%E6%A2%B5%E6%B1%89%E5%AF%B9%E5%8B%98%E4%BD%9B%E6%89%80%E8%A1%8C%E8%B5%9E.html?id=fCwxjwEACAAJ,黄宝生梵汉对勘佛所行赞
佛藏,佛说一切智光明仙人慈心因缘不食肉经,佛教故事,魏晋南北朝,1,是,http://read.goodweb.net.cn/news/news_view.asp?newsid=48331,显密文库有白话文参考
佛藏,佛说九色鹿经,佛教故事,魏晋南北朝,1,是,http://read.goodweb.net.cn/news/news_view.asp?newsid=48325,显密文库有白话文参考
佛藏,佛说五王经,佛教故事,魏晋南北朝,1,是,http://read.goodweb.net.cn/news/news_view.asp?newsid=8675,显密文库白话佛经
佛藏,佛说前世三转经,佛教故事,魏晋南北朝,1,是,http://read.goodweb.net.cn/news/news_view.asp?newsid=48330,显密文库有白话文参考
佛藏,佛说地藏菩萨发心因缘十王经,佛教故事,隋唐,1,是,https://www.jiuchisu.net/k/foshuidecangpusafaxinyinyuanshiwangjingbaihuawenzaixianyuedou/7/,有白话文在线阅读
佛藏,佛说弥勒下生成佛经,佛教故事,隋唐,1,是,https://product.suning.com/0071538872/000000012433293805.html,中国佛学经典宝藏全注全译
佛藏,佛说弥勒下生成佛经-唐-义净,佛教故事,隋唐,3,是,https://product.suning.com/0071538872/000000012433293805.html,中国佛学经典宝藏全注全译
佛藏,佛说弥勒下生经,佛教故事,魏晋南北朝,1,是,https://www.suning.com/hotgoods/0071487071/12406691702.html,星云监修白话全注全译
佛藏,佛说玉耶女经,佛教故事,魏晋南北朝,1,是,http://ab.newdu.com/book/ms328779.html,国学典籍网白话全本翻译
佛藏,佛说盂兰盆经,佛教故事,魏晋南北朝,1,是,https://www.xiangfo.net/info/info.aspx?id=I100119&typeno=1,向佛网附白话文译文
佛藏,佛说箭喻经,佛教故事,魏晋南北朝,1,是,https://www.douban.com/note/39771220/,白话箭喻经现代汉语译本
佛藏,佛说维摩诘经,佛教故事,魏晋南北朝,3,是,https://baike.baidu.com/item/%E7%BB%B4%E6%91%A9%E8%AF%98%E7%BB%8F/1387638,中华书局佛教十三经译注本
佛藏,佛说罗云忍辱经,佛教故事,魏晋南北朝,1,是,http://read.goodweb.net.cn/news/news_view.asp?newsid=48328,显密文库白话文参考本
佛藏,佛说老女人经,佛教故事,魏晋南北朝,1,是,https://www.buddhist-experience.org/welcome/article_detail/4537.html,佛说老女人经白话译本
佛藏,佛说菩萨投身饴饿虎起塔因缘经,佛教故事,魏晋南北朝,1,是,http://ab.newdu.com/book/b20206.html,国学典籍网白话全本翻译
佛藏,佛说贫穷老公经,佛教故事,魏晋南北朝,1,是,http://read.goodweb.net.cn/news/news_view.asp?newsid=48343,显密文库白话文参考本
佛藏,佛说贫穷老公经之二,佛教故事,魏晋南北朝,1,是,http://ab.newdu.com/book/b20616.html,国学典籍网白话全本翻译
佛藏,佛说赖吒和罗经,佛教故事,魏晋南北朝,1,是,http://ab.newdu.com/book/b19986.html,国学典籍网白话全本翻译
佛藏,佛说鬼子母经,佛教故事,魏晋南北朝,1,是,http://read.goodweb.net.cn/news/news_view.asp?newsid=54917,显密文库白话佛经版
佛藏,佛说鹿母经,佛教故事,魏晋南北朝,1,是,http://fowap.goodweb.net.cn/news/news_view.asp?newsid=48325,显密文库白话佛经参考
佛藏,佛说鹿母经之二,佛教故事,魏晋南北朝,2,是,http://fowap.goodweb.net.cn/news/news_view.asp?newsid=48325,竺法护译本二同有白话参考
佛藏,六度集经,佛教故事,魏晋南北朝,3,是,https://baike.baidu.com/item/%E5%85%AD%E5%BA%A6%E9%9B%86%E7%BB%8F/2445696,吴海勇注译本
佛藏,冥报记,佛教故事,隋唐,1,是,https://www2.budaedu.org/dharma-data/book-efile/CH730-45-01-001.pdf,冥报记白话注解
佛藏,净土圣贤录,佛教故事,清,21,是,https://m.douban.com/book/subject/26708362/,净土圣贤录白话版
佛藏,净土圣贤录续编,佛教故事,清,9,是,https://zhuanlan.zhihu.com/p/643642377,新白话版含续编
佛藏,前世三转经,佛教故事,魏晋南北朝,1,是,http://www.n12345.com/baihua/article/view-48330.htm,南国佛教白话文参考
佛藏,大唐大慈恩寺三藏法师传,佛教故事,隋唐,3,是,https://weread.qq.com/web/bookDetail/2aa321b0718874ff2aa9beb,中华书局全本全注全译高永旺
佛藏,大唐西域记,佛教故事,隋唐,10,是,https://book.douban.com/subject/10488583/,中华书局全本全注全译董志翘
佛藏,大慈恩寺三藏法师传,佛教故事,隋唐,2,是,https://weread.qq.com/web/bookDetail/2aa321b0718874ff2aa9beb,中华书局全本全注全译高永旺
佛藏,摩邓女经,佛教故事,魏晋南北朝,1,是,http://read.goodweb.net.cn/news/news_view.asp?newsid=48334,显密文库白话文参考
佛藏,方广大庄严经,佛教故事,隋唐,27,是,http://ab.newdu.com/book/mb407.html,国学典籍网白话全文翻译
佛藏,旧杂譬喻经,佛教故事,魏晋南北朝,2,是,https://www.sklib.cn/booklib/bookPreview?SiteID=122&ID=4869500,旧杂譬喻经注译与辨析
佛藏,未曾有因缘经,佛教故事,魏晋南北朝,2,是,http://m.juewu.org/view.php?aid=38214,觉悟佛教网白话文
佛藏,杂宝藏经,佛教故事,魏晋南北朝,12,是,http://fodizi.net/fojiaogushi/21007.html,佛弟子文库白话另有注译本
佛藏,杂譬喻经,佛教故事,魏晋南北朝,1,是,https://m.douban.com/book/subject/2783114/,杂譬喻经译注收四种本
佛藏,杂譬喻经--,佛教故事,魏晋南北朝,1,是,https://m.douban.com/book/subject/2783114/,杂譬喻经译注收四种本
佛藏,杂譬喻经-后汉-支娄迦谶,佛教故事,汉,1,是,https://m.douban.com/book/subject/2783114/,杂譬喻经译注收四种本
佛藏,杂譬喻经-道略,佛教故事,魏晋南北朝,2,是,https://m.douban.com/book/subject/2783114/,杂譬喻经译注收四种本
佛藏,林间录,佛教故事,宋,4,是,https://m.douban.com/book/subject/33380923/,林间录辅言白话
佛藏,比丘尼传,佛教故事,魏晋南北朝,3,是,https://www.fjdh.cn/wumin/2013/01/163420203179.html,佛教导航白话文
佛藏,法句譬喻经,佛教故事,魏晋南北朝,10,是,http://m.fjwk.net/fojing/02/652.html,佛弟子文库另禅世界现代汉语
佛藏,法显传,佛教故事,魏晋南北朝,1,是,http://ab.newdu.com/book/mb897.html,白话全本另有三民新译佛国记
佛藏,法苑珠林,佛教故事,隋唐,161,是,https://readmoo.com/book/210258705000101,凡夫白话译本
佛藏,洛阳伽蓝记,佛教故事,魏晋南北朝,2,是,https://book.douban.com/subject/1691961/,中华书局全本全注全译
佛藏,玄奘三藏法师资传丛书,佛教故事,隋唐,2,是,https://book.douban.com/subject/30151819/,含大慈恩寺三藏法师传中华书局全译
佛藏,玉耶女经,佛教故事,魏晋南北朝,1,是,http://ab.newdu.com/book/ms328779.html,国学典籍网白话全文翻译
佛藏,玉耶经,佛教故事,魏晋南北朝,1,是,https://baike.baidu.com/item/%E7%8E%89%E8%80%B6%E7%BB%8F/8182016,百度百科含白话译文
佛藏,百喻经,佛教故事,魏晋南北朝,3,是,https://www.fjdh.cn/wumin/2013/01/155413207673.html,佛教导航白话多家译注本
佛藏,经律异相,佛教故事,魏晋南北朝,28,是,http://www.hanyushi.zju.edu.cn/2012/0417/c66229a2518609/page.htm,三民书局新译经律异相
佛藏,缁门崇行录,佛教故事,明,8,是,https://baike.baidu.com/item/%E7%BC%81%E9%97%A8%E5%B4%87%E8%A1%8C%E5%BD%95%E6%B5%85%E8%BF%B0/10186875,吴锦煌缁门崇行录浅述白话
佛藏,罗云忍辱经,佛教故事,魏晋南北朝,1,是,http://m.fojiaowang.com.cn/view.php?aid=38317,有白话文参考译本
佛藏,贤愚因缘经,佛教故事,魏晋南北朝,3,是,https://www.fjdh.cn/wumin/2014/01/123224320520.html,有贤愚因缘经白话本
佛藏,贤愚经,佛教故事,魏晋南北朝,5,是,https://www.zhonghuadiancang.com/foxuebaodian/8255/,有白话贤愚经
佛藏,那先比丘经,佛教故事,魏晋南北朝,1,是,https://www.zhonghuadiancang.com/foxuebaodian/17879/,有那先比丘经译注
佛藏,那先比丘经--,佛教故事,魏晋南北朝,1,是,https://www.zhonghuadiancang.com/foxuebaodian/17879/,有那先比丘经译注
佛藏,阿育王传,佛教故事,魏晋南北朝,4,是,https://www.amazon.com/-/zh_TW/%E5%8C%BF%E5%90%8D/dp/7223056940,西藏人民社白话阿育王传
佛藏,高僧传,佛教故事,魏晋南北朝,12,是,http://ab.newdu.com/book/b1002.html,有白话全本全文翻译
子藏,冥祥记,佛教故事,魏晋南北朝,2,是,http://ab.newdu.com/book/mb17326.html,国学典籍网白话全本
集藏,玉历宝钞,佛教故事,清,17,是,http://ab.newdu.com/book/mb3180.html,国学典籍网白话全文翻译
诗藏,六十种曲琵琶记,戏曲剧本,元,12,是,https://book.douban.com/subject/1041211/,高明南戏曲祖有白话本
诗藏,六十种曲西厢记,戏曲剧本,元,9,是,https://www.dedao.cn/ebook/detail?id=VEDA2bKO27MKbRardAGJ1N4ln9BLVwg5xmW8ZQyXmYqg5PpkEjxovze6DB84dpj6,王实甫名剧有许渊冲译本
诗藏,六十种曲还魂记,戏曲剧本,明,15,是,https://yd.qq.com/web/bookDetail/5c132470726fc9d05c142cc,牡丹亭有许渊冲译及选译
诗藏,关大王独赴单刀会,戏曲剧本,元,3,是,https://www.gushiciqu.com/shiwen/fanyi-a44f64b.html,古诗词曲网有译文及注释
诗藏,堂东老劝破家子弟,戏曲剧本,元,2,是,https://www.shidianguji.com/book/SDZJ0739/chapter/1kg31ypq9h0yr,识典古籍元曲选有译文
诗藏,木皮散人鼓词,戏曲剧本,清,5,是,https://baike.baidu.com/item/%E6%9C%A8%E7%9A%AE%E6%95%A3%E4%BA%BA%E9%BC%93%E8%AF%8D,齐鲁书社关德栋木皮词校注
诗藏,桃花扇,戏曲剧本,清,15,是,https://www.gushicimingju.com/dianji/taohuashan/,有白话读本及选译本
诗藏,牡丹亭,戏曲剧本,明,8,是,https://www.wenyanguji.com/ji/mudanting,有白话文及注译版本
诗藏,白朴元曲集,戏曲剧本,元,1,是,https://baike.baidu.com/item/%E7%99%BD%E6%9C%B4/556573,王文才白朴戏曲集校注
诗藏,破幽梦孤雁汉宫秋,戏曲剧本,元,2,是,https://www.wenyanguji.com/ji/hangongqiu,元曲名剧有译文白话文
诗藏,窦娥冤,戏曲剧本,元,1,是,https://www.wenyanguji.com/ji/doueyuan,有全文翻译及现代汉语译注
诗藏,聊斋俚曲集,戏曲剧本,清,121,是,https://m.douban.com/book/subject/30282048/,张泰聊斋俚曲集校注附土语注解
诗藏,荔镜记荔枝记,戏曲剧本,明,34,是,https://m.douban.com/book/subject/26285567,三民书局赵山林校注本
诗藏,西厢记,戏曲剧本,元,14,是,https://www.wenyanguji.com/ji/xixiangji,有白话全本全文翻译
诗藏,西游记戏文,戏曲剧本,明,10,是,https://m.douban.com/book/subject/30320771/,西游记杂剧评注本
诗藏,赵氏孤儿大报仇,戏曲剧本,元,2,是,https://www.amazon.com/dp/7501375062,中华传统文化百部经典本
诗藏,赵盼儿风月救风尘,戏曲剧本,元,2,是,https://www.dedao.cn/ebook/detail?id=ekM2z5Kexap9AKyJEz8DOYn6GNrV20KNB6AwdgbRXq1Qvlj7P5ZmoMkLB47y6ONA,关汉卿著黄仕忠译注
诗藏,长生殿,戏曲剧本,清,19,是,https://www.wenyanguji.com/ji/changshengdian,有全文翻译白话文译文
诗藏,须贾大夫谇范叔,戏曲剧本,元,20,是,https://m.gushiwen.cn/gushiwen_4da4a170f6.aspx,古诗文网有翻译及赏析
史藏,燕丹子,文言小说,汉,1,是,https://www.airitibooks.com/books/monograph/Detail/Detail?PublicationID=P20191213118,有注释翻译鉴赏本
史藏,西京杂记,文言小说,魏晋南北朝,3,是,https://www.dedao.cn/ebook/detail?id=JblNOdGPBpZdjEgmN4JLq7yaRvKV206AY6w1roMz6xYX5QDG8l9bnOeAkey1g25L,中华书局全本全注全译刘洪妹译注
子藏,三水小牍,文言小说,隋唐,3,是,http://ab.newdu.com/book/mb17327.html,国学典籍网白话全本
子藏,冥通记,文言小说,魏晋南北朝,1,是,http://ab.newdu.com/book/b18736.html,国学典籍网白话全本
子藏,剪灯余话,文言小说,明,23,是,http://ab.newdu.com/book/b16927.html,国学典籍网白话全本
子藏,剪灯新话,文言小说,明,5,是,http://ab.newdu.com/book/mb13.html,国学典籍网白话全本
子藏,夜谭随录,文言小说,清,17,是,https://www.amazon.com/dp/B072BXSDNW,白话夜谭随录广东旅游出版社
子藏,夜雨秋灯录,文言小说,清,5,是,https://www.qimao.com/shuku/1777370/,白话夜雨秋灯录徐赟编著
子藏,太平广记,文言小说,宋,228,是,http://t.bookschina.com/tuan/5119,白话太平广记全八册燕山出版社
子藏,夷坚志,文言小说,宋,21,是,https://max.book118.com/html/2018/0415/161604534.shtm,夷坚志文白对照全译本
子藏,夷坚志全集,文言小说,宋,36,是,https://max.book118.com/html/2018/0415/161604534.shtm,文白对照全译本谦德国学文库
子藏,子不语,文言小说,清,46,是,https://m.douban.com/book/subject/30185942/,子不语全译上海古籍出版社
子藏,李娃传,文言小说,隋唐,1,是,https://www.dedao.cn/ebook/detail?id=ZykJDGjQ7AOLNa642rbP8dkEgemKDwdlYowXoVRjpBxl95MJzqvYGynZ18MEl5Bo,收入唐宋传奇集全译
子藏,杨太真外传,文言小说,宋,1,是,https://www.dedao.cn/ebook/detail?id=ZykJDGjQ7AOLNa642rbP8dkEgemKDwdlYowXoVRjpBxl95MJzqvYGynZ18MEl5Bo,收入唐宋传奇集全译
子藏,虞初新志,文言小说,清,15,是,https://maidd.v.bookuu.com/detail.php?id=102464607,中华书局全本全注全译
子藏,虬髯客传,文言小说,隋唐,1,是,https://www.wenyanguji.com/zi/qiurankechuan,文言古籍网全文白话翻译
子藏,骗经,文言小说,明,11,是,https://play.google.com/store/books/details/%E9%AA%97%E7%BB%8F?id=kPx8EAAAQBAJ,有白话骗经出版本
集藏,古小说钩沉,文言小说,民国,16,是,https://www.wenyanguji.com/ji/guxiaoshuogouchen,文言古籍网有全文翻译白话
集藏,唐传奇选辑,文言小说,隋唐,3,是,https://www.wenyanguji.com/zi/tangchuanqixuanji,唐传奇有多种白话译本
集藏,淞隐漫录,文言小说,清,41,是,https://m.douban.com/book/review/14722752/,曹庆霖白话后聊斋上海古籍1995
集藏,聊斋志异,文言小说,清,40,是,https://www.dedao.cn/ebook/detail?id=vExPL6aYQPjadpoZxR5r6KDkbNJVO0o2P9w84GeXyLElm92gnMA1zvB7qMKpBGkj,中华书局全本全注全译
史藏,山海经,神话寓言,先秦,9,是,https://baike.baidu.com/item/%E5%B1%B1%E6%B5%B7%E7%BB%8F%E5%85%A8%E8%AF%91/20178232,袁珂山海经全译有白话
史藏,穆天子传,神话寓言,先秦,1,是,https://books.google.com/books/about/%E7%A9%86%E5%A4%A9%E5%AD%90%E4%BC%A0_%E7%B2%BE_%E4%B8%AD%E5%8D%8E%E7%BB%8F%E5%85%B8%E5%90%8D%E8%91%97%E5%85%A8.html?id=c7XUDwAAQBAJ,中华全本全注全译本
子藏,岭南摭怪,神话寓言,元,3,是,https://readmoo.com/book/210347632000101,白話新譯嶺南摭怪語冰子譯
道藏,周氏冥通记,神话寓言,魏晋南北朝,3,是,https://m.douban.com/book/subject/35060206/,中华书局校释、齐鲁书社译注篇
道藏,录异记,神话寓言,五代,2,是,http://ab.newdu.com/book/mb18454.html,国学典籍网白话全本全文翻译
道藏,梓潼帝君化书,神话寓言,元,7,是,https://www.wenyanguji.com/zi/zitongdijunhuashu,文言古籍网有翻译白话文
集藏,何仙姑宝卷,神话寓言,清,4,是,https://zhuanlan.zhihu.com/p/1968426613529093832,有白话译文
集藏,三侠五义,章回小说,清,24,是,https://www.zhzidian.com/dianji/sanxiawuyi/,有白话文在线译本
集藏,三国志通俗演义嘉靖壬午本,章回小说,明,88,是,https://sanguo.5000yan.com/baihuawen/,三国演义有白话译本
集藏,三国演义,章回小说,明,40,是,https://sanguo.5000yan.com/baihuawen/,多家白话译注本
集藏,三遂平妖传,章回小说,明,4,是,https://www.huanglijiri.com/dianji/sansuipingyaochuan/,有白话文翻译在线
集藏,东周列国志,章回小说,清,146,是,https://www.zhzidian.com/dianji/dongzhoulieguozhi1/,有现代语文白话版
集藏,二十年目睹之怪现状,章回小说,清,33,是,https://www.zhzidian.com/dianji/ershinianmuduzhiguaixianzhuang/,有注释本及白话在线
集藏,儒林外史,章回小说,清,14,是,https://baike.baidu.com/item/%E5%84%BF%E5%A5%B3%E8%8B%B1%E9%9B%84%E4%BC%A0%EF%BC%88%E6%B3%A8%E9%87%8A%E6%9C%AC%EF%BC%89/50278354,有多家注释本
集藏,儿女英雄传,章回小说,清,28,是,https://baike.baidu.com/item/%E5%84%BF%E5%A5%B3%E8%8B%B1%E9%9B%84%E4%BC%A0%EF%BC%88%E6%B3%A8%E9%87%8A%E6%9C%AC%EF%BC%89/50278354,湖北辞书出版注释本
集藏,劫余灰,章回小说,清,3,是,http://ab.newdu.com/book/b313.html,国学典籍网白话全本翻译
集藏,官场现行记,章回小说,清,22,是,https://www.zhzidian.com/dianji/guanchangxianxingji/,有白话文翻译
集藏,封神演义,章回小说,明,56,是,https://www.amazon.com/%E5%B0%81%E7%A5%9E%E6%BC%94%E4%B9%89-%E7%B2%BE%E8%A3%85%E5%85%A8%E8%AF%91-%E6%97%A0%E9%9A%9C%E7%A2%8D%E9%98%85%E8%AF%BB%E5%85%B8%E8%97%8F%E7%89%88-%E5%8E%9F%E7%89%88%E5%8E%9F%E8%91%97%E7%99%BD%E8%AF%9D%E6%96%87%E7%99%BD%E5%AF%B9%E7%85%A7%E6%97%A0/dp/B08122PNHF,有精装全译白话本
集藏,希夷梦海国春秋,章回小说,清,89,是,https://www.gushicimingju.com/dianji/haiguochunqiu/,有原文及白话文
集藏,水浒传,章回小说,明,50,是,https://gx.httpcn.com/book/shz/baihua/,有多种现代白话版
集藏,泣红亭,章回小说,清,28,是,https://book.douban.com/subject/35288258/,曹都等汉译内蒙古人民1981
集藏,济公全传,章回小说,清,12,是,https://zh.wikipedia.org/zh-hans/%E6%B5%8E%E5%85%AC%E5%85%A8%E4%BC%A0,吴越改写现代白话普及本
集藏,牛郎织女传,章回小说,明,3,是,http://ab.newdu.com/book/mb3324.html,国学典籍网白话全文翻译
集藏,狄公案,章回小说,清,6,是,https://www.chinulture.com/ebook/book/117,中国文化网原文及翻译
集藏,玉娇梨,章回小说,清,11,是,https://www.zhzidian.com/dianji/yujiaoli/,中华字典全文及翻译白话文
集藏,玉蟾记,章回小说,清,17,是,https://www.zhzidian.com/dianji/yuchanji/,中华字典全文及翻译白话文
集藏,痴人说梦记,章回小说,清,4,是,http://ab.newdu.com/book/mb670.html,国学典籍网白话全文翻译
集藏,盘古至唐虞传,章回小说,明,3,是,http://ab.newdu.com/book/b463.html,国学典籍网白话全文翻译
集藏,红楼梦,章回小说,清,31,是,https://www.dedao.cn/ebook/detail?id=6JvkYVNn8NXVry5MeG6Z9RALK2dxJ3GPJM4w7olBEmjgakz1DPvYObQ4qpQdZqme,有得到白话版及白话全本
集藏,蔡东藩两晋演义,章回小说,民国,19,是,https://book.douban.com/series/3007,历朝通俗演义有白话版系列
集藏,蔡东藩五代史演义,章回小说,民国,18,是,https://book.douban.com/series/3007,历朝通俗演义有白话版系列
集藏,蔡东藩元史演义,章回小说,民国,16,是,https://book.douban.com/series/3007,历朝通俗演义有白话版系列
集藏,蔡东藩前汉演义,章回小说,民国,19,是,https://book.douban.com/series/3007,历朝通俗演义有白话版系列
集藏,蔡东藩南北史演义,章回小说,民国,31,是,https://book.douban.com/series/3007,历朝通俗演义有白话版系列
集藏,蔡东藩后汉演义,章回小说,民国,16,是,https://book.douban.com/series/3007,历朝通俗演义有白话版系列
集藏,蔡东藩唐史演义,章回小说,民国,16,是,https://book.douban.com/series/3007,历朝通俗演义有白话版系列
集藏,蔡东藩宋史演义,章回小说,民国,18,是,https://book.douban.com/series/3007,历朝通俗演义有白话版系列
集藏,蔡东藩明史演义,章回小说,民国,16,是,https://book.douban.com/series/3007,历朝通俗演义有白话版系列
集藏,蔡东藩民国演义,章回小说,民国,41,是,https://book.douban.com/series/3007,历朝通俗演义有白话版系列
集藏,蔡东藩清史演义,章回小说,民国,24,是,https://book.douban.com/series/3007,历朝通俗演义有白话版系列
集藏,西游记,章回小说,明,34,是,https://www.dedao.cn/ebook/detail?id=L5BbmPyQPrjybo2eO1GvAmNJnlYxV0R9aBBw8XDBK9qZpgkRELd75z4Ma6oDRrqj,有现代白话编译版
集藏,金瓶梅,章回小说,明,34,是,https://www.gushiwen.com/dianji/1032.html,古诗文网有全文及译文
集藏,镜花缘,章回小说,清,32,是,https://www.hxph.com.cn/rmtj/4212.jhtml,华夏出版社出版白话本
集藏,隋唐演义,章回小说,清,37,是,https://www.hongxiu.com/bookquery/qbgtmituenbp,有悦读经典白话版含注释
儒藏,孔丛子,笔记小说,汉,3,是,https://weread.qq.com/web/reader/e8c32300813ab7bb5g019949,白冶钢译注国学经典
儒藏,孔子家语,笔记小说,魏晋南北朝,13,是,https://www.cp.com.cn/book/8c420030-8.html,中华书局全本全注全译
儒藏,新序,笔记小说,汉,3,是,https://m.douban.com/book/subject/27179525/,赵仲邑新序详注中华书局
儒藏,说苑,笔记小说,汉,8,是,https://www.dedao.cn/ebook/detail?id=xGM6Evn5byxq2PnXBz71AjZaol6R8WJVebWOKpGkd4gmMLEJrYNQe9VvD8P4jLkK,中华全本全注全译
儒藏,韩诗外传,笔记小说,汉,13,是,https://www.wenyanguji.com/jing/hanshiwaichuan,有全文翻译白话本
史藏,佛国记,笔记小说,魏晋南北朝,2,是,http://ab.newdu.com/book/mb897.html,有白话全译及校注本
史藏,入蜀记,笔记小说,宋,3,是,https://www.thepaper.cn/newsDetail_forward_27719611,上海古籍朱迎平译注本
史藏,博物志,笔记小说,魏晋南北朝,6,是,https://www.99csw.com/book/10284/index.htm,有博物志新译全译本
史藏,吴船录,笔记小说,宋,1,是,https://www.thepaper.cn/newsDetail_forward_27719611,上海古籍朱迎平译注本
史藏,影梅庵忆语,笔记小说,清,1,是,https://www.dedao.cn/ebook/detail?id=2BeEdA94ma8x6VX2zLjQBNq5dKveMw1LQdg3JZPAO1lGbpRyYgonDEr97kMoLmlb,龚静染译注白话今译本
史藏,徐霞客游记,笔记小说,明,13,是,https://yuyi.com.sg/products/9787101107647,中华书局全本全注全译
史藏,扬州画舫录,笔记小说,清,34,是,https://baike.baidu.com/item/%E6%89%AC%E5%B7%9E%E7%94%BB%E8%88%AB%E5%BD%95/741025,中华书局点校本注释通俗
史藏,晏子春秋,笔记小说,先秦,8,是,https://opac.uibe.edu.cn/opac/book/51a35349ae45253c835baf3abe94316e,中华全本全注全译及译注本
史藏,梦蕉亭杂记,笔记小说,清,2,是,https://m.douban.com/book/subject/2129581/,世界知识社陈南濂译注本
史藏,陶庵梦忆,笔记小说,明,5,是,https://www.dedao.cn/ebook/detail?id=6JvkYVNn8NXVry5MeG6Z9RALK2dxJ3GjXXW7olBEmjgakz1DPvYObQ4qpQdZqme9,新注全译本徐建雄译注另有中华书局译注
史藏,龙川别志,笔记小说,宋,2,是,https://m.guoxuemeng.com/guoxue/longchuanbiezhi/,国学梦原文译文对照
子藏,世说新语,笔记小说,魏晋南北朝,11,是,https://book.douban.com/subject/1076343/,中华书局全本全注全译
子藏,东坡志林,笔记小说,宋,11,是,https://news.qq.com/rain/a/20250330A01T2P00,中华书局罗宁译注本
子藏,书斋夜话,笔记小说,宋,2,是,http://ab.newdu.com/book/b6818.html,国学典籍网白话全本
子藏,云溪友议,笔记小说,隋唐,3,是,https://www.wenyanguji.com/zi/yunxiyouyi,文言古籍网白话全译
子藏,云谿友议,笔记小说,隋唐,3,是,https://www.wenyanguji.com/zi/yunxiyouyi,文言古籍网白话全译
子藏,佩韦斋辑闻,笔记小说,宋,2,是,http://ab.newdu.com/book/mb17780.html,国学典籍网白话全本
子藏,侯鲭录,笔记小说,宋,5,是,http://ab.newdu.com/book/b1274.html,国学典籍网白话全本
子藏,儒林公议,笔记小说,宋,2,是,http://ab.newdu.com/book/mb1277.html,国学典籍网白话全本
子藏,冷斋夜话,笔记小说,宋,9,是,http://ab.newdu.com/book/b1253.html,国学典籍网白话全本
子藏,北窗琐语,笔记小说,明,2,是,http://ab.newdu.com/book/mb14316.html,国学典籍网白话全本
子藏,唐摭言,笔记小说,五代,12,是,https://www.books.com.tw/products/CN10917699,中华书局全本全注全译本
子藏,夜航船,笔记小说,明,115,是,https://weread.qq.com/web/bookDetail/cd5329207186004ecd5a928,有夜航船全鉴等白话译注本
子藏,拾遗录,笔记小说,魏晋南北朝,4,是,https://www.dedao.cn/ebook/detail?id=6JvkYVNn8NXVry5MeG6Z9RALK2dxJ3GLADw7olBEmjgakz1DPvYObQ4qpQdZqme9,即拾遗记中华全本全注全译
子藏,拾遗记,笔记小说,魏晋南北朝,4,是,https://www.dedao.cn/ebook/detail?id=6JvkYVNn8NXVry5MeG6Z9RALK2dxJ3GLADw7olBEmjgakz1DPvYObQ4qpQdZqme9,中华全本全注全译王兴芬译注
子藏,搜神后记,笔记小说,魏晋南北朝,2,是,https://zhuanlan.zhihu.com/p/415196267,华夏出版社全译搜神记五种
子藏,搜神记,笔记小说,魏晋南北朝,6,是,https://baike.baidu.com/item/%E4%B8%AD%E5%8D%8E%E7%BB%8F%E5%85%B8%E5%90%8D%E8%91%97%E5%85%A8%E6%9C%AC%E5%85%A8%E6%B3%A8%E5%85%A8%E8%AF%91%E4%B8%9B%E4%B9%A6%EF%BC%9A%E6%90%9C%E7%A5%9E%E8%AE%B0/8315154,中华全本全注全译马银琴译注
子藏,新世说,笔记小说,民国,24,是,https://m.douban.com/book/subject/3026472/,文白对照历代世说精华新世说
子藏,智囊全集,笔记小说,明,10,是,https://weread.qq.com/web/bookDetail/6e5327605515726e5f1a6df,中华全本全注全译及白话译本
子藏,玄怪录,笔记小说,隋唐,5,是,https://www.dedao.cn/eBook/OAdXprx6N41dm9BQkayr8z7OqLGoE3lo1dWYMlVAnxRZXK2Dg5pbevPJjjnQv2eb,中华书局全本全注全译
子藏,续子不语,笔记小说,清,14,是,https://www.dedao.cn/ebook/detail?id=DGgybmrKYXmzPQ5bgJEjMdeOxDlyn0MDPZw2GaRN8k4p6B1oArL9Z7qvVRp8O126,子不语全译含续编申孟甘林译
子藏,萤窗异草,笔记小说,清,10,是,http://www.wenxue100.com/book_GuDianXiaoShuo/1055.thtml,白话萤窗异草全本翻译
子藏,萤窗清玩,笔记小说,清,13,是,https://baike.baidu.com/item/%E8%90%A4%E7%AA%97%E6%B8%85%E7%8E%A9/12547169,本为清代白话短篇小说集
子藏,蒙斋笔谈,笔记小说,宋,1,是,http://ab.newdu.com/book/mb17724.html,国学典籍网白话全文翻译
子藏,藏一话腴,笔记小说,宋,2,是,https://www.wenyanguji.com/zi/cangyihuayu,文言古籍网原文翻译白话
子藏,西湖杂记,笔记小说,明,1,是,https://m.cngwzj.com/gushi/MingDai/96180/,古文之家原文对照翻译
子藏,谐铎,笔记小说,清,12,是,https://www.wenyanguji.com/zi/xieduo,文言古籍网全文白话翻译
子藏,辍耕录,笔记小说,元,23,是,https://www.chinulture.com/ebook/book/76,原文及翻译在线版
子藏,述异记,笔记小说,魏晋南北朝,1,是,https://www.wenyanguji.com/zi/shuyiji,文言古籍网全文白话翻译
子藏,通天乐,笔记小说,清,5,是,https://books.apple.com/gb/book/%E9%80%9A%E5%A4%A9%E4%B9%90-%E7%AE%80%E4%BD%93%E4%B8%AD%E6%96%87%E7%89%88/id1396111715,本为白话短篇小说集
子藏,遂昌杂录,笔记小说,元,1,是,http://ab.newdu.com/book/mb1305.html,国学典籍网白话全文翻译
子藏,避暑录话,笔记小说,宋,4,是,http://ab.newdu.com/book/b13138.html,国学典籍网白话全文翻译
子藏,酉阳杂俎,笔记小说,隋唐,13,是,https://www.dedao.cn/ebook/detail?id=bODoM61kAj9Rql84gzG5nVNZopXKY3DvVn0JLrBmEDv2QPMOyx7a6e1dbPQj2Zdm,中华书局全本全注全译
子藏,阅微草堂笔记,笔记小说,清,26,是,https://books.google.com/books/about/%E9%98%85%E5%BE%AE%E8%8D%89%E5%A0%82%E7%AC%94%E8%AE%B0.html?id=OL9NzwEACAAJ,有全本全注全译及白话全本
子藏,风俗通义,笔记小说,汉,5,是,https://www.dedao.cn/ebook/detail?id=2BeEdA94ma8x6VX2zLjQBNq5dKveMw1NV60JZPAO1lGbpRyYgonDEr97kMoLmlba,中华书局全本全注全译本
子藏,香畹楼忆语,笔记小说,清,1,是,https://www.amazon.com/-/zh_TW/%E6%B8%85-%E9%99%88%E8%A3%B4%E4%B9%8B/dp/7540791101,有香畹楼忆语今译详考精解
集藏,古今笑史,笔记小说,明,50,是,https://www.wenyanguji.com/ji/gujinxiaoshi,文言古籍网有全文翻译白话
集藏,笑得好,笔记小说,清,12,是,https://www.wenyanguji.com/ji/xiaodehao,文言古籍网全文翻译白话文
集藏,笑林,笔记小说,魏晋南北朝,1,是,https://www.wenyanguji.com/ji/xiaolin,文言古籍网全文翻译白话文
集藏,笑林广记,笔记小说,清,26,是,https://book.douban.com/subject/33450498/,王猛译注江苏人民出版社
儒藏,杜骗新书,话本拟话本,明,9,是,https://m.douban.com/book/subject/14267591/,有今译今解出版本
子藏,西湖佳话,话本拟话本,清,10,是,https://baike.baidu.com/item/%E8%A5%BF%E6%B9%96%E4%BD%B3%E8%AF%9D/11038697,本为白话小说有校注本
诗藏,大唐三藏取经诗话,话本拟话本,宋,3,是,https://baike.baidu.com/item/%E5%A4%A7%E5%94%90%E4%B8%89%E8%97%8F%E5%8F%96%E7%BB%8F%E8%AF%97%E8%AF%9D%E6%A0%A1%E6%B3%A8/12079055,中华书局李时人蔡镜浩校注本
集藏,二刻拍案惊奇,话本拟话本,明,22,是,https://m.douban.com/book/subject/26235615/,中华经典小说注释本
集藏,今古奇观,话本拟话本,明,37,是,https://www.zhzidian.com/dianji/jinguqiguan/,人文社校注及白话本
集藏,初刻拍案惊奇,话本拟话本,明,18,是,https://www.zhzidian.com/dianji/chukepaianjingqi/,二拍名著有全注全译白话本
集藏,喻世明言,话本拟话本,明,73,是,https://www.chinulture.com/ebook/book/201,有原文及白话翻译
集藏,生绡剪,话本拟话本,清,16,是,https://www.huanglijiri.com/dianji/shengxiaojian/,全文及翻译白话文在线
集藏,碾玉观音话本,话本拟话本,宋,2,是,https://www.pinshiwen.com/gsdq/ctwxzp/20190627126136.html,品诗文网原文注释译文
集藏,蓝公案,话本拟话本,清,13,是,http://ab.newdu.com/book/mb3332.html,群众出版社译本附注解白话译文
集藏,警世通言,话本拟话本,明,37,是,https://www.guoxuemeng.com/guoxue/jingshitongyan/,国学梦有原文及译文
集藏,醒世恒言,话本拟话本,明,32,是,https://www.guoxuemeng.com/guoxue/xingshihengyan/,国学梦有原文及译文
道藏,玄品录,人物传记,元,4,不确定,无,有谭玉龙校注本，未确认白话译
佛藏,佛说玉耶女经之二,佛教故事,魏晋南北朝,1,不确定,无,异译本未单独见白话译文
佛藏,佛说睒子经,佛教故事,魏晋南北朝,1,不确定,无,古文版多白话译文未确证
佛藏,观世音菩萨往生净土本缘经附西晋录,佛教故事,魏晋南北朝,1,不确定,无,仅网站机翻待考
佛藏,观音慈林集,佛教故事,清,8,不确定,无,仅现代标点整理非白话译
佛藏,观音经持验记,佛教故事,清,6,不确定,无,仅现代标点整理非白话译
佛藏,释迦谱,佛教故事,魏晋南北朝,10,不确定,无,仅网站机翻待考
诗藏,张协状元,戏曲剧本,宋,7,不确定,无,仅见为舞台改编的白话稿未成书
佛藏,觅灯因话,文言小说,明,2,不确定,无,仅上古点校本未见白话译
子藏,柳氏传,文言小说,隋唐,1,不确定,无,唐传奇选本或收入待证
子藏,灵应传,文言小说,隋唐,1,不确定,无,或收入唐传奇选本待证
集藏,剑侠传,文言小说,宋,3,不确定,无,搜得唐宋传奇译注非剑侠传
子藏,神异经,神话寓言,魏晋南北朝,1,不确定,https://weread.qq.com/web/reader/02932b40813aba461g0118a4,有文白对照版但译者为笔名
道藏,汉武帝外传,神话寓言,魏晋南北朝,1,不确定,无,仅B站个人译注，无正式版
道藏,西游真诠,章回小说,清,19,不确定,无,有校点本，无文言今译
集藏,合浦珠,章回小说,清,24,不确定,无,见老根校点本非严格今译
集藏,唐书志传通俗演义,章回小说,明,24,不确定,无,见涂秀虹校注本非今译
集藏,比目鱼,章回小说,清,3,不确定,无,李渔戏曲未见明确今译本
史藏,三国遗事,笔记小说,元,35,不确定,无,仅校勘本未见白话译注
子藏,杜阳杂编,笔记小说,隋唐,3,不确定,无,仅见聚合站白话非出版译注
子藏,殷芸小说,笔记小说,魏晋南北朝,4,不确定,无,有辑注校注非白话今译
子藏,玉堂闲话,笔记小说,五代,4,不确定,无,有评注本非白话今译
集藏,雪涛谐史,笔记小说,明,3,不确定,https://book.douban.com/subject/1050466/,上海古籍黄仁生校注但非全白话
集藏,韩擒虎话本,话本拟话本,隋唐,1,不确定,https://book.douban.com/subject/3241403/,敦煌变文校注收录但属校注
史藏,东林列传,人物传记,清,13,否,无,仅有原典无今译
史藏,中州人物考,人物传记,明,17,否,无,仅点校本无白话译注
史藏,京口耆旧传,人物传记,宋,3,否,无,仅古籍原文网站
史藏,今献备遗,人物传记,明,7,否,无,仅古籍原文无今译
史藏,元名臣事略,人物传记,元,10,否,无,中华书局仅点校本
史藏,元朝名臣事略,人物传记,元,16,否,无,中华书局仅姚景安点校本
史藏,十七史百将传,人物传记,宋,4,否,无,仅网站译文无正式今译
史藏,古今列女传,人物传记,明,3,否,无,仅四库本无今译
史藏,台湾文献清史列传选,人物传记,清,22,否,无,未见今译本
史藏,史传三编,人物传记,清,21,否,无,仅四库本无今译
史藏,名卿绩纪,人物传记,明,3,否,无,仅古籍原文无今译
史藏,名臣碑传琬琰之集,人物传记,宋,19,否,无,仅古籍原文无今译
史藏,名臣碑传琬琰集,人物传记,宋,22,否,无,仅古籍原文无今译
史藏,吴耿尚孔四王全传,人物传记,清,2,否,无,仅古籍原文无今译
史藏,嘉靖以来首辅传,人物传记,明,2,否,无,仅四库原文无今译
史藏,国宝新编,人物传记,明,2,否,无,仅古籍库原文无今译
史藏,奴才小史,人物传记,民国,3,否,无,仅古籍库原文无今译
史藏,宋名臣言行录,人物传记,宋,51,否,无,仅儒藏校点本无今译
史藏,小腆纪传,人物传记,清,71,否,无,仅中华书局点校本
史藏,廉吏传,人物传记,元,6,否,无,未见今译本
史藏,张积中传,人物传记,清,1,否,无,仅古籍库原文无今译
史藏,忠贞录,人物传记,明,3,否,无,仅古籍库原文无今译
史藏,敬乡录,人物传记,元,7,否,无,仅四库及点校无白话译注
史藏,明儒言行录,人物传记,清,30,否,无,2025商务点校本无白话译
史藏,明名臣琬琰录,人物传记,明,9,否,无,仅四库原文无白话译注
史藏,明名臣琬琰续录,人物传记,明,8,否,无,仅四库原文无白话译注
史藏,春秋臣传,人物传记,宋,9,否,无,未见任何白话译注本
史藏,昭忠录,人物传记,宋,2,否,无,仅维基文库原文无今译
史藏,浦阳人物记,人物传记,明,3,否,无,仅原文及识典无正式今译
史藏,清代学人列传,人物传记,民国,23,否,无,仅原文版本无白话译注
史藏,清先正事略选,人物传记,清,7,否,无,仅原文无白话译注本
史藏,清耆献类征选编,人物传记,清,35,否,无,大型传记汇编无白话译本
史藏,百越先贤志,人物传记,明,5,否,无,仅原文无白话译注
史藏,福建通志列传选,人物传记,清,29,否,无,仅原文无白话译注
史藏,稗史集传,人物传记,清,1,否,无,仅原文无今译本
史藏,续吴先贤赞,人物传记,明,18,否,无,未见今译本
史藏,襄阳耆旧记,人物传记,魏晋南北朝,2,否,无,仅校补校注本无白话译
史藏,贫士传,人物传记,明,1,否,无,仅原文电子版无白话译注
史藏,轩辕黄帝传,人物传记,宋,2,否,无,仅维基文库原文无白话译
史藏,郑成功传,人物传记,清,13,否,无,仅学术考证无白话译注
史藏,钱塘先贤传赞,人物传记,宋,3,否,无,仅四库本原文无白话译注
史藏,韩忠献公遗事,人物传记,宋,2,否,无,仅维基文库原文无白话译
子藏,吴中往哲记,人物传记,明,1,否,无,仅原文无白话今译
子藏,奇女子传,人物传记,清,8,否,无,未见白话今译本
子藏,李文忠公事略,人物传记,清,18,否,无,梁启超近代著作无今译本
子藏,林灵素传,人物传记,宋,1,否,无,未见现代白话译注本
子藏,甘疯子传,人物传记,清,1,否,无,未见任何今译版本
艺藏,四巧工传,人物传记,清,1,否,无,未见白话今译版本
道藏,云阜山申仙翁传,人物传记,宋,1,否,无,仅原文电子版无今译
道藏,仙苑编珠,人物传记,五代,5,否,无,仅道藏原文无白话译注
道藏,会仙女志,人物传记,明,1,否,无,仅维基文库原文无今译
道藏,侍帝晨东华上佐司命杨君传记,人物传记,魏晋南北朝,1,否,无,仅原文电子版无今译
道藏,凝阳董真人遇仙记,人物传记,元,1,否,无,仅道藏原文无白话译注
道藏,华阳陶隐君内传,人物传记,隋唐,3,否,无,仅原文电子版无今译
道藏,南岳九真人传,人物传记,隋唐,1,否,无,仅道藏原文无白话译注
道藏,历世真仙体道通鉴,人物传记,元,19,否,无,仅原文点校无白话今译
道藏,历世真仙体道通鉴后集,人物传记,元,3,否,无,仅原文电子版无白话译注
道藏,历世真仙体道通鉴续编,人物传记,元,1,否,无,仅见道藏原文及点校，无白话今译
道藏,吕祖全传,人物传记,清,10,否,无,汪象旭本仅存原文，无今译
道藏,吕祖年谱海山奇遇,人物传记,清,6,否,无,仅见原文，无白话今译
道藏,唐鸿胪卿越置公灵虚见素真人传,人物传记,隋唐,1,否,无,冷门道藏传记，无今译
道藏,地只上将温太保传,人物传记,元,1,否,无,仅见道藏原文，无今译
道藏,地只上将温太保传补遗,人物传记,元,1,否,无,补遗篇，无今译
道藏,太上混元老子史略,人物传记,宋,2,否,无,仅见原文，无白话今译
道藏,太极葛仙公传,人物传记,宋,1,否,无,仅见原文，无今译
道藏,孝道吴许二真君传,人物传记,宋,1,否,无,仅见道藏原文，无今译
道藏,广黄帝本行记,人物传记,隋唐,1,否,无,未见该书今译
道藏,徐仙真录,人物传记,明,15,否,无,仅见道藏原文，无今译
道藏,御制周颠仙人传,人物传记,明,1,否,无,仅见文言原文，无今译
道藏,汉天师世家,人物传记,明,1,否,无,仅见原文，无白话今译
道藏,清河内传,人物传记,宋,1,否,无,未见该书今译
道藏,犹龙传,人物传记,宋,1,否,无,仅见原文，无白话今译
道藏,甘水仙源录,人物传记,元,7,否,无,仅见道藏原文，无今译
道藏,紫阳真人内传,人物传记,魏晋南北朝,1,否,无,仅见道藏原文，无今译
道藏,终南山祖庭仙真内传,人物传记,元,2,否,无,仅见原文，无白话今译
道藏,许太史真君图传,人物传记,宋,1,否,无,仅见道藏原文，无今译
道藏,许真君仙传,人物传记,宋,1,否,无,仅见道藏原文，无今译
道藏,金莲正宗仙源像传,人物传记,元,2,否,无,仅见道藏原文，无今译
道藏,金莲正宗记,人物传记,元,1,否,无,仅见道藏原文，无今译
佛藏,七佛父母姓字经,佛教故事,魏晋南北朝,1,否,无,仅原文及大正藏PDF
佛藏,七女观经,佛教故事,魏晋南北朝,1,否,无,仅原文无白话译本
佛藏,三宝感应要略录,佛教故事,宋,9,否,无,仅原文及校勘本无今译
佛藏,丛林盛事,佛教故事,宋,2,否,无,未见白话今译
佛藏,东国僧尼录,佛教故事,清,4,否,无,仅维基文库原文
佛藏,东林十八高贤传,佛教故事,宋,2,否,无,仅原文无可信今译
佛藏,中本起经,佛教故事,魏晋南北朝,2,否,无,未见白话译本
佛藏,二十四尊得道罗汉传,佛教故事,明,7,否,无,仅原文无校注今译
佛藏,云卧纪谭,佛教故事,宋,2,否,无,未见白话今译
佛藏,五母子经,佛教故事,魏晋南北朝,1,否,无,仅原文无白话译本
佛藏,五母子经之二,佛教故事,魏晋南北朝,1,否,无,仅原文无白话译本
佛藏,五阴譬喻经,佛教故事,魏晋南北朝,1,否,无,仅原文无专门今译
佛藏,付法藏因缘传,佛教故事,魏晋南北朝,3,否,无,仅原文无白话译本
佛藏,付法藏因缘经,佛教故事,魏晋南北朝,2,否,无,仅原文无白话译本
佛藏,众许摩诃帝经,佛教故事,宋,5,否,无,仅原文无白话译本
佛藏,优婆夷志,佛教故事,清,2,否,无,未见白话今译
佛藏,传法宝纪,佛教故事,隋唐,1,否,无,仅敦煌写本校注无今译
佛藏,传法正宗记,佛教故事,宋,10,否,无,仅原文无白话译本
佛藏,伯亭大师传记总帙,佛教故事,清,1,否,无,仅原文无白话译本
佛藏,佛五百弟子自说本起经,佛教故事,魏晋南北朝,11,否,无,仅原文无白话译本
佛藏,佛入涅槃密迹金刚力士哀恋经,佛教故事,隋唐,1,否,无,仅原文无可信今译
佛藏,佛本行经,佛教故事,魏晋南北朝,53,否,无,仅原文无可信今译
佛藏,佛本行集经,佛教故事,隋唐,59,否,无,仅原文无可信今译
佛藏,佛母般泥洹经,佛教故事,魏晋南北朝,1,否,无,仅原文无白话译本
佛藏,佛灭度后棺敛葬送经,佛教故事,魏晋南北朝,1,否,无,仅原文无白话译本
佛藏,佛祖历代通载,佛教故事,元,22,否,无,仅有校注本无白话今译
佛藏,佛祖统纪,佛教故事,宋,74,否,无,仅原文无白话译本
佛藏,佛般泥洹经,佛教故事,魏晋南北朝,1,否,无,仅原文无白话译本
佛藏,佛说七女经,佛教故事,魏晋南北朝,1,否,无,仅原文无白话译本
佛藏,佛说三摩竭经,佛教故事,魏晋南北朝,1,否,无,仅原文无白话译本
佛藏,佛说九鹿经,佛教故事,魏晋南北朝,1,否,无,仅原文无专门白话译本
佛藏,佛说乳光佛经,佛教故事,魏晋南北朝,1,否,无,仅原文无白话译本
佛藏,佛说五无反复经,佛教故事,魏晋南北朝,1,否,无,仅原文无白话译本
佛藏,佛说五无反复经之二,佛教故事,魏晋南北朝,1,否,无,仅原文无白话译本
佛藏,佛说五无返复经,佛教故事,魏晋南北朝,1,否,无,仅原文无白话译本
佛藏,佛说众许摩诃帝经,佛教故事,宋,7,否,无,仅原文无白话译本
佛藏,佛说优填王经,佛教故事,魏晋南北朝,1,否,无,仅原文无可信今译
佛藏,佛说佛大僧大经,佛教故事,魏晋南北朝,1,否,无,仅原文无白话译本
佛藏,佛说光明童子因缘经,佛教故事,宋,1,否,无,仅原文无白话译本
佛藏,佛说兜调经,佛教故事,魏晋南北朝,1,否,无,仅原文无白话译本
佛藏,佛说兴起行经,佛教故事,魏晋南北朝,3,否,无,仅原文无白话译本
佛藏,佛说净饭王般涅槃经,佛教故事,魏晋南北朝,1,否,无,仅原文无专门今译
佛藏,佛说力士移山经,佛教故事,魏晋南北朝,1,否,无,仅原文无可信今译
佛藏,佛说千佛因缘经,佛教故事,魏晋南北朝,3,否,无,仅原文无白话译本
佛藏,佛说呵雕阿那含经,佛教故事,魏晋南北朝,1,否,无,仅原文无白话译本
佛藏,佛说善乐长者经,佛教故事,宋,1,否,无,仅原文无白话译本
佛藏,佛说因缘僧护经,佛教故事,魏晋南北朝,1,否,无,仅原文无可信今译
佛藏,佛说国王不黎先尼十梦经,佛教故事,魏晋南北朝,1,否,无,仅原文无白话译本
佛藏,佛说大坚固婆罗门缘起经,佛教故事,宋,2,否,无,仅原文无白话译本
佛藏,佛说大意经,佛教故事,魏晋南北朝,1,否,无,仅原文无专门今译
佛藏,佛说大爱道般泥洹经,佛教故事,魏晋南北朝,1,否,无,仅维基文库CBETA原文无今译
佛藏,佛说大自在天子因地经,佛教故事,宋,1,否,无,仅原文无现代白话译注
佛藏,佛说大迦叶本经,佛教故事,魏晋南北朝,1,否,无,仅原文无现代白话译注
佛藏,佛说大鱼事经,佛教故事,魏晋南北朝,1,否,无,仅原文无现代白话译注
佛藏,佛说天王太子辟罗经,佛教故事,魏晋南北朝,1,否,无,仅原文无现代白话译注
佛藏,佛说太子刷护经,佛教故事,魏晋南北朝,1,否,无,仅原文无现代白话译注
佛藏,佛说太子和休经,佛教故事,魏晋南北朝,1,否,无,仅原文无现代白话译注
佛藏,佛说太子墓魄经,佛教故事,魏晋南北朝,1,否,无,仅原文无现代白话译注
佛藏,佛说太子慕魄经,佛教故事,魏晋南北朝,1,否,无,仅原文无现代白话译注
佛藏,佛说太子沐魄经,佛教故事,魏晋南北朝,1,否,无,仅原文无现代白话译注
佛藏,佛说太子瑞应本起经,佛教故事,魏晋南北朝,2,否,无,仅原文及聚合页无正式译注本
佛藏,佛说奈女祇域因缘经,佛教故事,魏晋南北朝,1,否,无,仅原文无现代白话译注
佛藏,佛说奈女耆域因缘经,佛教故事,魏晋南北朝,1,否,无,仅原文无现代白话译注
佛藏,佛说奈女耆婆经,佛教故事,魏晋南北朝,1,否,无,仅原文无现代白话译注
佛藏,佛说妇人遇辜经,佛教故事,魏晋南北朝,1,否,无,仅原文无现代白话译注
佛藏,佛说妙色王因缘经,佛教故事,隋唐,1,否,无,仅原文无现代白话译注
佛藏,佛说婆罗门子命终爱念不离经,佛教故事,魏晋南北朝,1,否,无,仅原文无现代白话译注
佛藏,佛说婆罗门避死经,佛教故事,魏晋南北朝,1,否,无,仅原文无现代白话译注
佛藏,佛说孝子经,佛教故事,魏晋南北朝,1,否,无,仅维基文库百科原文无译注本
佛藏,佛说差摩婆帝授记经,佛教故事,魏晋南北朝,1,否,无,仅原文无现代白话译注
佛藏,佛说师子月佛本生经,佛教故事,魏晋南北朝,1,否,无,仅原文无现代白话译注
佛藏,佛说师子素驮娑王断肉经,佛教故事,隋唐,1,否,无,仅原文无现代白话译注
佛藏,佛说幻士仁贤经,佛教故事,魏晋南北朝,3,否,无,仅原文无现代白话译注
佛藏,佛说弊魔试目连经,佛教故事,魏晋南北朝,1,否,无,仅原文无现代白话译注
佛藏,佛说弟子死复生经,佛教故事,魏晋南北朝,1,否,无,仅原文无现代白话译注
佛藏,佛说弥勒大成佛经,佛教故事,魏晋南北朝,2,否,无,仅原文无确证正式译注本
佛藏,佛说弥勒来时经,佛教故事,魏晋南北朝,1,否,无,仅原文无确证正式译注本
佛藏,佛说德光太子经,佛教故事,魏晋南北朝,4,否,无,仅原文无现代白话译注
佛藏,佛说德护长者经,佛教故事,隋唐,4,否,无,仅原文无现代白话译注
佛藏,佛说息诤因缘经,佛教故事,魏晋南北朝,1,否,无,仅原文无现代白话译注
佛藏,佛说懈怠耕者经,佛教故事,魏晋南北朝,1,否,无,仅原文无现代白话译注
佛藏,佛说报恩奉盆经,佛教故事,魏晋南北朝,1,否,无,仅原文无现代白话译注
佛藏,佛说摩登女解形中六事经,佛教故事,魏晋南北朝,1,否,无,仅原文无现代白话译注
佛藏,佛说摩诃迦叶度贫母经,佛教故事,魏晋南北朝,1,否,无,仅原文无现代白话译注
佛藏,佛说摩达国王经,佛教故事,魏晋南北朝,1,否,无,仅原文无现代白话译注
佛藏,佛说摩邓女经,佛教故事,魏晋南北朝,1,否,无,仅原文无现代白话译注
佛藏,佛说放牛经,佛教故事,魏晋南北朝,1,否,无,仅原文无现代白话译注
佛藏,佛说文陀竭王经,佛教故事,魏晋南北朝,1,否,无,仅原文无现代白话译注
佛藏,佛说旃陀越国王经,佛教故事,魏晋南北朝,1,否,无,仅原文无现代白话译注
佛藏,佛说无垢贤女经,佛教故事,魏晋南北朝,1,否,无,仅原文无现代白话译注
佛藏,佛说普曜经,佛教故事,魏晋南北朝,20,否,无,仅维基文库CBETA原文无译注本
佛藏,佛说普达王经,佛教故事,魏晋南北朝,1,否,无,仅原文无现代白话译注
佛藏,佛说月上女经,佛教故事,隋唐,4,否,无,仅原文无现代白话译注
佛藏,佛说月光童子经,佛教故事,魏晋南北朝,1,否,无,仅原文无现代白话译注
佛藏,佛说月明菩萨经,佛教故事,魏晋南北朝,1,否,无,仅原文无现代白话译注
佛藏,佛说未曾有因缘经,佛教故事,魏晋南北朝,2,否,无,仅维基文库CBETA原文无译注本
佛藏,佛说未生冤经,佛教故事,魏晋南北朝,1,否,无,仅原文无现代白话译注
佛藏,佛说末罗王经,佛教故事,魏晋南北朝,1,否,无,仅原文无现代白话译注
佛藏,佛说柰女耆婆经,佛教故事,魏晋南北朝,1,否,无,仅原文无现代白话译注
佛藏,佛说树提伽经,佛教故事,魏晋南北朝,1,否,无,仅原文无现代白话译注
佛藏,佛说树提伽经之二,佛教故事,魏晋南北朝,1,否,无,仅原文无现代白话译注
佛藏,佛说梵志女首意经,佛教故事,魏晋南北朝,1,否,无,仅原文无现代白话译注
佛藏,佛说梵志阿颰经,佛教故事,魏晋南北朝,1,否,无,仅原文无现代白话译注
佛藏,佛说梵摩难国王经,佛教故事,魏晋南北朝,1,否,无,仅原文无现代白话译注
佛藏,佛说沙曷比丘功德经,佛教故事,魏晋南北朝,1,否,无,仅原文无现代白话译注
佛藏,佛说波斯匿王太后崩尘土坌身经,佛教故事,魏晋南北朝,1,否,无,仅原文无现代白话译注
佛藏,佛说海龙王经,佛教故事,魏晋南北朝,5,否,无,仅维基文库识典原文无译注本
佛藏,佛说满愿子经,佛教故事,魏晋南北朝,1,否,无,仅见古文原文未见白话今译
佛藏,佛说灯指因缘经,佛教故事,魏晋南北朝,1,否,无,仅见古文原文未见白话今译
佛藏,佛说犊子经,佛教故事,魏晋南北朝,1,否,无,仅见古文原文未见白话今译
佛藏,佛说琉璃王经,佛教故事,魏晋南北朝,1,否,无,仅见古文原文未见白话今译
佛藏,佛说生经,佛教故事,魏晋南北朝,7,否,无,仅见古文原文未见白话今译
佛藏,佛说申日儿本经,佛教故事,魏晋南北朝,1,否,无,仅见古文原文未见白话今译
佛藏,佛说申日经,佛教故事,魏晋南北朝,1,否,无,仅见古文原文未见白话今译
佛藏,佛说白衣金幢二婆罗门缘经,佛教故事,宋,1,否,无,仅见古文原文未见白话今译
佛藏,佛说白衣金幢二婆罗门缘起经,佛教故事,宋,1,否,无,仅见古文原文未见白话今译
佛藏,佛说睒子经之三,佛教故事,魏晋南北朝,1,否,无,异译本仅见古文原文
佛藏,佛说睒子经之二,佛教故事,魏晋南北朝,1,否,无,异译本仅见古文原文
佛藏,佛说瞿昙弥记果经,佛教故事,魏晋南北朝,1,否,无,仅见古文原文未见白话今译
佛藏,佛说福力太子因缘经,佛教故事,宋,2,否,无,仅见古文原文未见白话今译
佛藏,佛说离垢施女经,佛教故事,魏晋南北朝,4,否,无,仅见古文原文未见白话今译
佛藏,佛说给孤长者女得度因缘经,佛教故事,宋,2,否,无,仅见古文原文未见白话今译
佛藏,佛说群牛譬经,佛教故事,魏晋南北朝,1,否,无,仅见古文原文未见白话今译
佛藏,佛说老母女六英经,佛教故事,魏晋南北朝,1,否,无,仅见古文原文未见白话今译
佛藏,佛说老母经,佛教故事,魏晋南北朝,1,否,无,仅见古文原文未见白话今译
佛藏,佛说耶祇经,佛教故事,魏晋南北朝,1,否,无,仅见古文原文未见白话今译
佛藏,佛说腹中女听经,佛教故事,魏晋南北朝,1,否,无,仅见古文原文未见白话今译
佛藏,佛说舍利弗摩诃目连游四衢经,佛教故事,魏晋南北朝,1,否,无,仅见古文原文未见白话今译
佛藏,佛说舍卫国王十梦经,佛教故事,魏晋南北朝,1,否,无,仅见古文原文未见白话今译
佛藏,佛说菩萨本行经,佛教故事,魏晋南北朝,1,否,无,仅见古文原文未见白话今译
佛藏,佛说菩萨睒子经,佛教故事,魏晋南北朝,1,否,无,异译本仅见古文原文
佛藏,佛说菩萨逝经,佛教故事,魏晋南北朝,1,否,无,仅见古文原文未见白话今译
佛藏,佛说萨罗国经,佛教故事,魏晋南北朝,1,否,无,仅见古文原文未见白话今译
佛藏,佛说蓱沙王五愿经,佛教故事,魏晋南北朝,1,否,无,仅见古文原文未见白话今译
佛藏,佛说譬喻经,佛教故事,隋唐,1,否,无,仅见古文原文未见白话今译
佛藏,佛说谏王经,佛教故事,魏晋南北朝,1,否,无,仅见古文原文未见白话今译
佛藏,佛说赖吒和罗所问德光太子经,佛教故事,魏晋南北朝,3,否,无,仅见古文原文未见白话今译
佛藏,佛说越难经,佛教故事,魏晋南北朝,1,否,无,仅见古文原文未见白话今译
佛藏,佛说辩意长者子所问经,佛教故事,魏晋南北朝,2,否,无,仅见古文原文未见白话今译
佛藏,佛说过去世佛分卫经,佛教故事,魏晋南北朝,1,否,无,仅见古文原文未见白话今译
佛藏,佛说逝童子经,佛教故事,魏晋南北朝,1,否,无,仅见古文原文未见白话今译
佛藏,佛说释摩男本四子经,佛教故事,魏晋南北朝,1,否,无,仅见古文原文未见白话今译
佛藏,佛说释摩男本经,佛教故事,魏晋南北朝,1,否,无,仅见古文原文未见白话今译
佛藏,佛说金光王童子经,佛教故事,宋,1,否,无,仅见古文原文未见白话今译
佛藏,佛说金耀童子经,佛教故事,宋,1,否,无,仅见古文原文未见白话今译
佛藏,佛说金色王经,佛教故事,魏晋南北朝,1,否,无,仅见古文原文未见白话今译
佛藏,佛说铁城泥犁经,佛教故事,魏晋南北朝,1,否,无,仅见古文原文未见白话今译
佛藏,佛说银色女经,佛教故事,魏晋南北朝,1,否,无,仅见古文原文未见白话今译
佛藏,佛说长寿王经,佛教故事,魏晋南北朝,1,否,无,仅见古文原文未见白话今译
佛藏,佛说长者子六过出家经,佛教故事,魏晋南北朝,1,否,无,仅见古文原文未见白话今译
佛藏,佛说长者子制经,佛教故事,魏晋南北朝,1,否,无,仅见古文原文未见白话今译
佛藏,佛说长者子懊恼三处经,佛教故事,魏晋南北朝,1,否,无,仅见古文原文未见白话今译
佛藏,佛说长者施报经,佛教故事,宋,1,否,无,仅见古文原文未见白话今译
佛藏,佛说长者法志妻经,佛教故事,魏晋南北朝,1,否,无,仅见古文原文未见白话今译
佛藏,佛说长者音悦经,佛教故事,魏晋南北朝,1,否,无,仅见古文原文未见白话今译
佛藏,佛说阎罗王五天使者经,佛教故事,魏晋南北朝,1,否,无,仅见文言原文未见白话今译
佛藏,佛说阿遬达经,佛教故事,魏晋南北朝,1,否,无,仅见文言原文未见今译
佛藏,佛说阿阇世王受决经,佛教故事,魏晋南北朝,1,否,无,仅见原文及电子藏经
佛藏,佛说阿阇世王女阿术达菩萨经,佛教故事,魏晋南北朝,3,否,无,仅见文言原文未见今译
佛藏,佛说阿阇世王经,佛教故事,魏晋南北朝,1,否,无,仅见原文未见可信今译
佛藏,佛说阿阇贳王女阿术达菩萨经,佛教故事,魏晋南北朝,1,否,无,仅见文言原文未见今译
佛藏,佛说阿难七梦经,佛教故事,魏晋南北朝,1,否,无,仅见文言原文未见今译
佛藏,佛说阿难同学经,佛教故事,魏晋南北朝,1,否,无,仅见文言原文未见今译
佛藏,佛说阿鸠留经,佛教故事,魏晋南北朝,1,否,无,仅见文言原文未见今译
佛藏,佛说除恐灾患经,佛教故事,魏晋南北朝,1,否,无,仅见文言原文未见今译
佛藏,佛说随勇尊者经,佛教故事,宋,1,否,无,未见白话今译
佛藏,佛说难提释经,佛教故事,魏晋南北朝,1,否,无,仅见文言原文未见今译
佛藏,佛说鞞摩肃经,佛教故事,魏晋南北朝,1,否,无,仅见文言原文未见今译
佛藏,佛说頞多和多耆经,佛教故事,魏晋南北朝,1,否,无,仅见文言原文未见今译
佛藏,佛说顶生王因缘经,佛教故事,宋,2,否,无,仅聚合站未见可信今译
佛藏,佛说顶生王故事经,佛教故事,魏晋南北朝,1,否,无,仅见文言原文未见今译
佛藏,佛说须摩提长者经,佛教故事,魏晋南北朝,2,否,无,仅见文言原文未见今译
佛藏,佛说须赖经,佛教故事,魏晋南北朝,3,否,无,仅见文言原文未见今译
佛藏,佛说须赖经-曹魏-白延,佛教故事,魏晋南北朝,2,否,无,仅见文言原文未见今译
佛藏,佛说须达经,佛教故事,魏晋南北朝,1,否,无,仅见文言原文未见今译
佛藏,佛说频婆娑罗王经,佛教故事,魏晋南北朝,1,否,无,未见可信白话今译
佛藏,佛说频婆裟罗王经,佛教故事,宋,1,否,无,仅见文言原文未见今译
佛藏,佛说马有三相经,佛教故事,魏晋南北朝,1,否,无,仅见文言原文未见今译
佛藏,佛说马有八态譬人经,佛教故事,魏晋南北朝,1,否,无,仅见文言原文未见今译
佛藏,佛说魔娆乱经,佛教故事,魏晋南北朝,1,否,无,仅见文言原文未见今译
佛藏,佛说鸯崛髻经,佛教故事,魏晋南北朝,1,否,无,仅见文言原文未见今译
佛藏,佛说鸯掘摩经,佛教故事,魏晋南北朝,1,否,无,仅见文言原文未见今译
佛藏,佛说鹦鹉经,佛教故事,魏晋南北朝,1,否,无,仅见文言原文未见今译
佛藏,佛说鹹水喻经,佛教故事,魏晋南北朝,1,否,无,仅见文言原文未见今译
佛藏,佛说黑氏梵志经,佛教故事,魏晋南北朝,1,否,无,仅见文言原文未见今译
佛藏,佛说龙施女经,佛教故事,魏晋南北朝,1,否,无,仅见文言原文未见今译
佛藏,佛说龙施菩萨本起经,佛教故事,魏晋南北朝,1,否,无,仅见文言原文未见今译
佛藏,佛说龙王兄弟经,佛教故事,魏晋南北朝,1,否,无,仅见文言原文未见今译
佛藏,修行本起经,佛教故事,汉,4,否,无,仅见文言原文未见今译
佛藏,修西闻见录,佛教故事,清,11,否,无,未见白话今译
佛藏,僧伽斯那所撰菩萨本缘经,佛教故事,魏晋南北朝,2,否,无,菩萨本缘经未见今译
佛藏,僧伽罗刹所集佛行经,佛教故事,魏晋南北朝,8,否,无,仅见文言原文未见今译
佛藏,僧宝正续传,佛教故事,宋,3,否,无,未见白话今译
佛藏,入唐求法巡礼行记,佛教故事,隋唐,9,否,无,仅有校注点校本无白话今译
佛藏,八十八祖道影传赞,佛教故事,明,7,否,无,未见白话今译
佛藏,冥报记辑书,佛教故事,隋唐,3,否,无,辑书本未见白话今译
佛藏,净土往生传,佛教故事,宋,2,否,无,未见专门白话今译
佛藏,出曜经,佛教故事,魏晋南北朝,43,否,无,仅见原文未见白话今译
佛藏,北魏僧惠生使西域记,佛教故事,魏晋南北朝,1,否,无,未见白话今译
佛藏,千佛因缘经,佛教故事,魏晋南北朝,2,否,无,仅见文言原文未见今译
佛藏,华严感应缘起传,佛教故事,宋,3,否,无,未见白话今译
佛藏,华严经感应略记,佛教故事,隋唐,2,否,无,未见白话今译
佛藏,华严经持验记,佛教故事,清,3,否,无,未见白话今译
佛藏,南宋元明禅林僧宝传,佛教故事,清,6,否,无,未见白话今译
佛藏,南岳单传记,佛教故事,清,4,否,无,未见白话今译
佛藏,南海寄归内法传,佛教故事,隋唐,2,否,无,仅有校注解诂无白话今译
佛藏,南海观音菩萨出身修行传,佛教故事,明,5,否,无,本为明代白话小说无需今译
佛藏,卢至长者因缘经,佛教故事,魏晋南北朝,1,否,无,仅原文及网站自动对照无今译
佛藏,古音王传,佛教故事,明,2,否,无,未见任何白话今译
佛藏,名僧传抄,佛教故事,魏晋南北朝,4,否,无,仅原文电子版无今译
佛藏,唐大荐福寺故寺主翻经大德法藏和尚传,佛教故事,隋唐,2,否,无,仅网站自动对照无出版译注
佛藏,唐护法沙门法琳别传,佛教故事,隋唐,1,否,无,仅网站自动对照无出版译注
佛藏,善女人传,佛教故事,清,6,否,无,仅原文及影印本无白话今译
佛藏,善思童子经,佛教故事,隋唐,7,否,无,仅原文电子版无今译
佛藏,嗟袜曩法天子受三归获免恶道经,佛教故事,隋唐,1,否,无,仅有解读文章无完整今译
佛藏,国王不梨先泥十梦经,佛教故事,魏晋南北朝,1,否,无,仅原文电子版无今译
佛藏,地藏菩萨像灵验记,佛教故事,宋,2,否,无,仅原文电子版无今译
佛藏,大唐故三藏玄奘法师行状,佛教故事,隋唐,1,否,无,仅原文电子版无今译
佛藏,大唐故大德赠司空大辨正广智不空三藏行状,佛教故事,隋唐,1,否,无,仅原文电子版无今译
佛藏,大唐西域求法高僧传,佛教故事,隋唐,1,否,无,王邦维校注本以校注为主非白话
佛藏,大唐青龙寺三朝供奉大德行状,佛教故事,隋唐,1,否,无,仅原文电子版无今译
佛藏,大宋僧史略,佛教故事,宋,5,否,无,仅有校注本非白话今译
佛藏,大庄严论经,佛教故事,魏晋南北朝,57,否,无,未见可信白话今译
佛藏,大慧普觉禅师宗门武库,佛教故事,宋,2,否,无,仅原文电子版无今译
佛藏,大慧普觉禅师年谱,佛教故事,宋,4,否,无,仅原文电子版无今译
佛藏,大方便佛报恩经,佛教故事,魏晋南北朝,4,否,无,仅网站自动对照无出版译注
佛藏,大方广佛华严经感应传,佛教故事,隋唐,1,否,无,白话华严经为另书此传无今译
佛藏,大明高僧传,佛教故事,明,6,否,无,未见白话今译
佛藏,大目乾连冥间救母变文并图,佛教故事,隋唐,5,否,无,仅原文及英译研究无白话今译
佛藏,大集譬喻王经,佛教故事,隋唐,1,否,无,仅标点本无白话今译
佛藏,天台九祖传,佛教故事,宋,1,否,无,仅原文电子版无今译
佛藏,天台智者大师传论,佛教故事,宋,1,否,无,仅原文电子版无今译
佛藏,天尊说阿育王譬喻经,佛教故事,魏晋南北朝,1,否,无,仅原文电子版无今译
佛藏,天王太子辟罗经,佛教故事,魏晋南北朝,1,否,无,仅原文电子版无今译
佛藏,太子刷护经,佛教故事,魏晋南北朝,1,否,无,仅原文电子版无今译
佛藏,太子和休经,佛教故事,魏晋南北朝,1,否,无,仅藏经目录无白话今译
佛藏,太子慕魄经,佛教故事,魏晋南北朝,1,否,无,仅原文电子版无今译
佛藏,太子瑞应本起经,佛教故事,魏晋南北朝,2,否,无,搜索明确未见专门白话今译
佛藏,太子须大拏经,佛教故事,魏晋南北朝,1,否,无,搜索明确未见白话今译
佛藏,央掘魔罗经,佛教故事,魏晋南北朝,16,否,无,仅网站自动对照无出版译注
佛藏,如来成道经,佛教故事,隋唐,1,否,无,未见白话今译
佛藏,婆薮槃豆传,佛教故事,魏晋南北朝,1,否,无,仅原文无白话今译
佛藏,婆薮槃豆法师传,佛教故事,魏晋南北朝,1,否,无,仅原文无白话今译
佛藏,孝子经,佛教故事,魏晋南北朝,1,否,无,仅原文电子版无今译
佛藏,宋高僧传,佛教故事,宋,1,否,无,仅网站自动对照无出版今译
佛藏,定应大师布袋和尚传,佛教故事,宋,1,否,无,仅原文电子版无今译
佛藏,寄禅和尚行述,佛教故事,清,1,否,无,未见白话今译
佛藏,寺塔记,佛教故事,隋唐,1,否,无,仅个人博客译文无出版译注
佛藏,居士传,佛教故事,清,13,否,无,仅有校注本非白话今译
佛藏,师子素驮娑王断肉经,佛教故事,隋唐,1,否,无,仅佛网站白话无可信出版译注
佛藏,幻士仁贤经,佛教故事,魏晋南北朝,3,否,无,未见白话今译
佛藏,广清凉传,佛教故事,宋,6,否,无,清凉山志为另书此传无今译
佛藏,庐山记,佛教故事,宋,8,否,无,仅网站自动对照无出版译注
佛藏,府君存惠传,佛教故事,不详,1,否,无,未见任何白话今译
佛藏,异出菩萨本起经,佛教故事,魏晋南北朝,1,否,无,未见白话今译
佛藏,弊魔试目连经,佛教故事,魏晋南北朝,1,否,无,仅原文电子版无今译
佛藏,弘赞法华传,佛教故事,隋唐,6,否,无,仅原文电子版无今译
佛藏,弟子死复生经,佛教故事,魏晋南北朝,1,否,无,见正经为另书此经无今译
佛藏,往生西方净土瑞应传,佛教故事,隋唐,3,否,无,仅原文电子版无今译
佛藏,往生集,佛教故事,明,13,否,无,仅原文及注无完整白话今译
佛藏,律相感通传,佛教故事,隋唐,1,否,无,仅原文电子版无今译
佛藏,御制神僧传,佛教故事,明,19,否,无,未见白话今译
佛藏,心性罪福因缘集,佛教故事,清,2,否,无,仅原文电子版无今译
佛藏,悲华经,佛教故事,魏晋南北朝,6,否,无,仅网站自动对照无可信出版译注
佛藏,惠果和尚行状,佛教故事,隋唐,1,否,无,未见白话今译
佛藏,惠远外传,佛教故事,不详,1,否,无,仅见古文本及慧远传记
佛藏,持诵金刚经灵验功德记,佛教故事,隋唐,2,否,无,仅金刚经本身有白话
佛藏,提婆菩萨传,佛教故事,魏晋南北朝,1,否,无,仅大正藏古文本
佛藏,摩登伽经,佛教故事,魏晋南北朝,1,否,无,仅见古文本无白话
佛藏,摩登女解形中六事经,佛教故事,魏晋南北朝,1,否,无,仅见古文本
佛藏,摩诃摩耶经,佛教故事,魏晋南北朝,3,否,无,仅维基文库古文本
佛藏,撰集三藏及杂藏传,佛教故事,魏晋南北朝,3,否,无,未见白话今译
佛藏,撰集百缘经,佛教故事,魏晋南北朝,4,否,无,仅古文本未见白话
佛藏,敦煌变文集新书,佛教故事,隋唐,48,否,无,本身校勘整理本非今译
佛藏,新修往生传,佛教故事,宋,3,否,无,未见白话今译
佛藏,新修科分六学僧传,佛教故事,元,59,否,无,未见白话今译
佛藏,无明罗刹集,佛教故事,魏晋南北朝,1,否,无,仅维基文库古文本
佛藏,明高僧传,佛教故事,明,3,否,无,仅梁高僧传有白话
佛藏,普曜经,佛教故事,魏晋南北朝,18,否,无,未见专门白话今译
佛藏,普达王经,佛教故事,魏晋南北朝,1,否,无,仅古文本未见白话
佛藏,智者大师别传注,佛教故事,宋,4,否,无,仅古文本无白话
佛藏,曹溪大师别传,佛教故事,隋唐,1,否,无,仅古文本无白话
佛藏,月上女经,佛教故事,魏晋南北朝,4,否,无,未见白话今译
佛藏,未生怨经,佛教故事,魏晋南北朝,1,否,无,未见白话今译
佛藏,武林西湖高僧事略,佛教故事,宋,2,否,无,仅维基文库古文本
佛藏,比丘避女恶名欲自杀经,佛教故事,魏晋南北朝,1,否,无,仅CBETA古文本
佛藏,永明道迹,佛教故事,明,1,否,无,未见白话今译
佛藏,沙弥罗经,佛教故事,魏晋南北朝,1,否,无,未见白话今译
佛藏,法华传记,佛教故事,隋唐,13,否,无,仅法华经本身有译注
佛藏,法华灵验传,佛教故事,清,6,否,无,未见白话今译
佛藏,法华经持验记,佛教故事,清,9,否,无,仅维基文库古文本
佛藏,法华经显应录,佛教故事,宋,11,否,无,仅古文本无白话
佛藏,法界宗五祖略记,佛教故事,清,1,否,无,未见白话今译
佛藏,海东高僧传,佛教故事,宋,1,否,无,仅维基文库古文本
佛藏,游方记抄,佛教故事,隋唐,3,否,无,未见该合集今译
佛藏,灯指因缘经,佛教故事,魏晋南北朝,1,否,无,未见白话今译
佛藏,炖煌录,佛教故事,隋唐,1,否,无,未见白话今译
佛藏,犍陀国王经,佛教故事,魏晋南北朝,1,否,无,仅古文本无白话
佛藏,玄宗朝翻经三藏善无畏赠鸿胪卿行状,佛教故事,隋唐,1,否,无,仅文言记载无白话
佛藏,现果随录,佛教故事,清,6,否,无,仅维基文库古文本
佛藏,琉璃王经,佛教故事,魏晋南北朝,1,否,无,仅古文本无白话
佛藏,生经,佛教故事,魏晋南北朝,10,否,无,未见专门白话今译
佛藏,申日儿本经,佛教故事,魏晋南北朝,1,否,无,仅古文本无白话
佛藏,白国因由,佛教故事,清,1,否,无,未见白话今译
佛藏,皇明名僧辑略,佛教故事,明,4,否,无,未见白话今译
佛藏,神僧传,佛教故事,明,5,否,无,仅原文及辞典条目无今译
佛藏,神异典二氏部汇考,佛教故事,清,4,否,无,古今图书集成残篇无白话译注
佛藏,神异典释教部纪事,佛教故事,清,3,否,无,古今图书集成残篇无白话译注
佛藏,禅林僧宝传,佛教故事,宋,5,否,无,仅见原文未见白话今译
佛藏,续武林西湖高僧事略,佛教故事,宋,1,否,无,未见白话今译
佛藏,续清凉传,佛教故事,宋,1,否,无,仅原文未见白话今译
佛藏,续高僧传,佛教故事,隋唐,1,否,无,仅网站机翻无正式译本
佛藏,罗湖野录,佛教故事,宋,2,否,无,仅原文未见白话今译
佛藏,胜军化世百喻伽他经,佛教故事,宋,3,否,无,仅原文未见白话今译
佛藏,舍卫国王梦见十事经,佛教故事,魏晋南北朝,1,否,无,仅原文未见白话今译
佛藏,舍头谏太子二十八宿经,佛教故事,魏晋南北朝,3,否,无,仅原文未见白话今译
佛藏,舍头谏经,佛教故事,魏晋南北朝,3,否,无,仅原文未见白话今译
佛藏,莲修起信录,佛教故事,清,8,否,无,未见白话今译
佛藏,菩萨投身饲饿虎起塔因缘经,佛教故事,魏晋南北朝,1,否,无,仅原文未见白话今译
佛藏,菩萨本生鬘论,佛教故事,宋,2,否,无,仅原文未见白话今译
佛藏,菩萨本缘经,佛教故事,魏晋南北朝,3,否,无,仅原文未见白话今译
佛藏,菩萨本行经,佛教故事,魏晋南北朝,1,否,无,仅原文未见白话今译
佛藏,菩萨睒子经,佛教故事,魏晋南北朝,1,否,无,仅原文及故事改写无今译
佛藏,蓱沙王五愿经,佛教故事,魏晋南北朝,1,否,无,仅原文未见白话今译
佛藏,补续高僧传,佛教故事,明,23,否,无,仅校笺本无白话今译
佛藏,补陀洛迦山传,佛教故事,元,2,否,无,仅原文未见白话今译
佛藏,西舫汇征,佛教故事,清,17,否,无,未见白话今译
佛藏,见闻录,佛教故事,清,1,否,无,未见白话今译
佛藏,辩意长者子经,佛教故事,魏晋南北朝,2,否,无,仅原文未见白话今译
佛藏,达摩出身传灯传,佛教故事,明,6,否,无,仅原文未见白话今译
佛藏,达摩宝传,佛教故事,明,10,否,无,仅原文未见白话今译
佛藏,过去现在因果经,佛教故事,魏晋南北朝,3,否,无,仅原文未见白话今译
佛藏,迦叶赴佛般涅槃经,佛教故事,魏晋南北朝,1,否,无,仅原文未见白话今译
佛藏,道宣律师感通录,佛教故事,隋唐,1,否,无,仅原文未见白话今译
佛藏,采花违王上佛授决号妙花经,佛教故事,魏晋南北朝,1,否,无,仅原文未见白话今译
佛藏,释迦如来应化录,佛教故事,清,9,否,无,仅原文未见白话今译
佛藏,释迦如来成道记,佛教故事,隋唐,1,否,无,仅原文及注疏无白话今译
佛藏,释迦如来行迹颂,佛教故事,元,3,否,无,仅原文未见白话今译
佛藏,释门自镜录,佛教故事,隋唐,5,否,无,仅原文未见白话今译
佛藏,金刚经受持感应录,佛教故事,清,4,否,无,感应录类未见白话今译
佛藏,金刚经感应传,佛教故事,隋唐,2,否,无,感应类未见白话今译
佛藏,金刚经感应分类辑要,佛教故事,清,2,否,无,感应类未见白话今译
佛藏,金刚经持验记,佛教故事,清,3,否,无,持验记仅原文无白话译
佛藏,金刚经新异录,佛教故事,明,2,否,无,仅原文未见白话今译
佛藏,金刚经灵验传,佛教故事,隋唐,5,否,无,灵验传仅原文无白话译
佛藏,金刚经鸠异,佛教故事,隋唐,2,否,无,仅原文未见白话今译
佛藏,金刚般若经集验记,佛教故事,隋唐,2,否,无,集验记仅原文无白话译
佛藏,金色王经,佛教故事,魏晋南北朝,1,否,无,仅原文未见白话今译
佛藏,金色童子因缘经,佛教故事,宋,10,否,无,仅原文未见白话今译
佛藏,银色女经,佛教故事,魏晋南北朝,1,否,无,仅原文未见白话今译
佛藏,长寿王经,佛教故事,魏晋南北朝,1,否,无,仅原文及故事改写无今译
佛藏,长者懊恼三处经,佛教故事,魏晋南北朝,1,否,无,仅原文未见白话今译
佛藏,阿育王子法益坏目因缘经,佛教故事,魏晋南北朝,10,否,无,仅有大藏经原典无今译
佛藏,阿育王息坏目因缘经,佛教故事,魏晋南北朝,10,否,无,仅有大藏经原典无今译
佛藏,阿育王经,佛教故事,魏晋南北朝,11,否,无,仅CBETA原典无白话全译
佛藏,阿育王譬喻经,佛教故事,魏晋南北朝,1,否,无,仅有原典无今译
佛藏,阿那邠邸化七子经,佛教故事,魏晋南北朝,1,否,无,仅维基文库原典无今译
佛藏,阿阇世王授决经,佛教故事,魏晋南北朝,1,否,无,仅有大藏经原典无今译
佛藏,阿阇世王问五逆经,佛教故事,魏晋南北朝,1,否,无,仅有大藏经原典无今译
佛藏,阿难七梦经,佛教故事,魏晋南北朝,1,否,无,仅有大藏经原典无今译
佛藏,阿鸠留经,佛教故事,魏晋南北朝,1,否,无,仅有大藏经原典无今译
佛藏,隋天台智者大师别传,佛教故事,隋唐,1,否,无,仅有原典无今译
佛藏,隋天台智者大师别传终,佛教故事,隋唐,1,否,无,仅有原典无今译
佛藏,集神州三宝感通录,佛教故事,隋唐,3,否,无,仅原典点校无白话译注
佛藏,雪堂行拾遗录,佛教故事,宋,1,否,无,仅有原典无今译
佛藏,须摩提女经,佛教故事,魏晋南北朝,1,否,无,仅维基文库原典无今译
佛藏,须摩提女经之二,佛教故事,魏晋南北朝,2,否,无,仅维基文库原典无今译
佛藏,须摩提长者经,佛教故事,魏晋南北朝,2,否,无,仅有大藏经原典无今译
佛藏,频毗娑罗王诣佛供养经,佛教故事,魏晋南北朝,1,否,无,仅有大藏经原典无今译
佛藏,饿鬼报应经,佛教故事,魏晋南北朝,1,否,无,仅有大藏经原典无今译
佛藏,马鸣菩萨传,佛教故事,魏晋南北朝,1,否,无,仅有大藏经原典无今译
佛藏,高僧摘要,佛教故事,清,8,否,无,仅有原典无今译
佛藏,黑氏梵志经,佛教故事,魏晋南北朝,1,否,无,仅有大藏经原典无今译
佛藏,龙树菩萨传,佛教故事,魏晋南北朝,1,否,无,仅有大藏经原典无今译
佛藏,龙树菩萨传之二,佛教故事,魏晋南北朝,1,否,无,仅有大藏经原典无今译
佛藏,龙王兄弟经,佛教故事,魏晋南北朝,1,否,无,仅有大藏经原典无今译
子藏,公门果报录,佛教故事,清,2,否,无,未检索到今译
子藏,宣验记,佛教故事,魏晋南北朝,1,否,无,仅鲁迅辑佚无白话今译
子藏,旌异记,佛教故事,魏晋南北朝,1,否,无,辑佚残文及网络白话页无译注
道藏,弘道录,佛教故事,明,27,否,无,未见白话今译
集藏,度阴宝卷,佛教故事,清,5,否,无,冷门宝卷未见今译
集藏,杏花宝卷,佛教故事,清,9,否,无,冷门宝卷未见今译
集藏,梁皇宝卷,佛教故事,清,12,否,无,佛教宝卷未见白话今译
集藏,靖江宝卷,佛教故事,清,354,否,无,有整理汇编本但非白话今译
集藏,鱼篮宝卷,佛教故事,清,12,否,无,未检得整理译注出版信息
集藏,黄氏宝卷,佛教故事,清,8,否,无,未检得整理译注出版信息
诗藏,元曲选,戏曲剧本,元,133,否,无,仅汉英对照选译，无现代白话今译
诗藏,全元曲,戏曲剧本,元,532,否,无,仅原文整理本，无白话今译
诗藏,全元曲戏文,戏曲剧本,元,96,否,无,仅校注本无白话今译
诗藏,全元曲杂剧,戏曲剧本,元,296,否,无,河北教育校注非白话译本
诗藏,六十种曲三元记,戏曲剧本,明,8,否,无,仅古籍校点无今译
诗藏,六十种曲东郭记,戏曲剧本,明,19,否,无,仅古籍校点无今译
诗藏,六十种曲义侠记,戏曲剧本,明,15,否,无,仅古籍校点无今译
诗藏,六十种曲八义记,戏曲剧本,明,8,否,无,仅古籍校点无今译
诗藏,六十种曲千金记,戏曲剧本,明,11,否,无,仅古籍校点无今译
诗藏,六十种曲南柯记,戏曲剧本,明,11,否,无,临川四梦仅评注无白话
诗藏,六十种曲双烈记,戏曲剧本,明,19,否,无,仅古籍校点无今译
诗藏,六十种曲双珠记,戏曲剧本,明,21,否,无,仅古籍校点无今译
诗藏,六十种曲四喜记,戏曲剧本,明,10,否,无,仅古籍校点无今译
诗藏,六十种曲四贤记,戏曲剧本,明,17,否,无,仅古籍校点无今译
诗藏,六十种曲寻亲记,戏曲剧本,明,8,否,无,仅古籍校点无今译
诗藏,六十种曲幽闺记,戏曲剧本,元,9,否,无,四大南戏仅校注无白话
诗藏,六十种曲彩毫记,戏曲剧本,明,9,否,无,仅古籍校点无今译
诗藏,六十种曲怀香记,戏曲剧本,明,10,否,无,仅古籍校点无今译
诗藏,六十种曲投梭记,戏曲剧本,明,15,否,无,仅古籍校点无今译
诗藏,六十种曲明珠记,戏曲剧本,明,10,否,无,仅古籍校点无今译
诗藏,六十种曲昙花记,戏曲剧本,明,21,否,无,仅古籍校点无今译
诗藏,六十种曲春芜记,戏曲剧本,明,6,否,无,仅古籍校点无今译
诗藏,六十种曲杀狗记,戏曲剧本,明,17,否,无,四大南戏仅校注无白话
诗藏,六十种曲水浒记,戏曲剧本,明,14,否,无,仅古籍校点无今译
诗藏,六十种曲浣纱记,戏曲剧本,明,11,否,无,仅校注无出版白话译本
诗藏,六十种曲灌园记,戏曲剧本,明,11,否,无,仅古籍校点无今译
诗藏,六十种曲焚香记,戏曲剧本,明,10,否,无,仅古籍校点无今译
诗藏,六十种曲狮吼记,戏曲剧本,明,12,否,无,仅古籍校点无今译
诗藏,六十种曲玉合记,戏曲剧本,明,10,否,无,仅古籍校点无今译
诗藏,六十种曲玉玦记,戏曲剧本,明,17,否,无,仅古籍校点无今译
诗藏,六十种曲玉环记,戏曲剧本,明,15,否,无,仅古籍校点无今译
诗藏,六十种曲玉簪记,戏曲剧本,明,8,否,无,仅古籍校点无白话今译
诗藏,六十种曲玉镜台记,戏曲剧本,明,7,否,无,仅古籍校点无今译
诗藏,六十种曲琴心记,戏曲剧本,明,11,否,无,仅古籍校点无今译
诗藏,六十种曲白兔记,戏曲剧本,元,10,否,无,四大南戏仅校注无白话
诗藏,六十种曲种玉记,戏曲剧本,明,12,否,无,仅古籍校点无今译
诗藏,六十种曲精忠记,戏曲剧本,明,8,否,无,仅古籍校点无今译
诗藏,六十种曲紫箫记,戏曲剧本,明,19,否,无,仅古籍校点无今译
诗藏,六十种曲紫钗记,戏曲剧本,明,15,否,无,临川四梦仅评注无白话
诗藏,六十种曲红拂记,戏曲剧本,明,7,否,无,仅古籍校点无今译
诗藏,六十种曲红梨记,戏曲剧本,明,7,否,无,仅古籍校点无今译
诗藏,六十种曲绣襦记,戏曲剧本,明,10,否,无,仅古籍校点无今译
诗藏,六十种曲节侠记,戏曲剧本,明,13,否,无,仅古籍校点无今译
诗藏,六十种曲荆钗记,戏曲剧本,元,11,否,无,四大南戏仅校注无白话
诗藏,六十种曲蕉帕记,戏曲剧本,明,15,否,无,仅古籍校点无今译
诗藏,六十种曲西厢记-明-崔时佩,戏曲剧本,明,9,否,无,南西厢仅校点无白话今译
诗藏,六十种曲西楼记,戏曲剧本,明,19,否,无,仅古籍校点无今译
诗藏,六十种曲赠书记,戏曲剧本,明,13,否,无,仅古籍校点无今译
诗藏,六十种曲运甓记,戏曲剧本,明,10,否,无,仅古籍校点无今译
诗藏,六十种曲邯郸记,戏曲剧本,明,8,否,无,临川四梦仅评注无白话
诗藏,六十种曲金莲记,戏曲剧本,明,11,否,无,仅古籍校点无今译
诗藏,六十种曲金雀记,戏曲剧本,明,12,否,无,仅古籍校点无今译
诗藏,六十种曲锦笺记,戏曲剧本,明,18,否,无,仅古籍校点无今译
诗藏,六十种曲霞笺记,戏曲剧本,明,6,否,无,仅古籍校点无今译
诗藏,六十种曲青衫记,戏曲剧本,明,6,否,无,仅古籍校点无今译
诗藏,六十种曲飞丸记,戏曲剧本,明,16,否,无,仅古籍校点无今译
诗藏,六十种曲香囊记,戏曲剧本,明,10,否,无,仅古籍校点无今译
诗藏,六十种曲鸣凤记,戏曲剧本,明,11,否,无,仅校注本无白话今译
诗藏,六十种曲鸾鎞记,戏曲剧本,明,6,否,无,仅古籍校点无今译
诗藏,六十种曲龙膏记,戏曲剧本,明,14,否,无,仅原文及六十种曲评注无白话译
诗藏,化人游词曲,戏曲剧本,清,3,否,无,仅见原文电子版未见今译
诗藏,娇红记,戏曲剧本,明,14,否,无,仅模板网站无可信今译本
诗藏,幽闺记,戏曲剧本,元,10,否,无,仅明刊校注本未见白话今译
诗藏,弦索西厢,戏曲剧本,明,14,否,无,未见现代白话译注本
诗藏,新缀白裘,戏曲剧本,清,17,否,无,仅原刊本未见白话今译
诗藏,新编杨椒山表忠蚺蛇胆,戏曲剧本,明,9,否,无,未检索到任何今译本
诗藏,梁山泊同窗琴书记,戏曲剧本,明,14,否,无,未见现代白话译注本
诗藏,楚曲十种临潼斗宝,戏曲剧本,清,2,否,无,仅汉剧剧目无今译
诗藏,清忠谱,戏曲剧本,清,6,否,无,仅十大悲剧集校点无白话译
诗藏,温凉盏鼓词,戏曲剧本,清,7,否,无,未检索到今译本
诗藏,盛明杂剧初集二集,戏曲剧本,明,92,否,无,仅原文眉批无白话今译
诗藏,精忠旗,戏曲剧本,明,7,否,无,仅简体重排本无白话译注
诗藏,綴白裘,戏曲剧本,清,153,否,无,仅整理排印本无白话今译
诗藏,聊斋剧作三种,戏曲剧本,清,1,否,无,仅原文电子版无今译
诗藏,花笺记,戏曲剧本,明,4,否,无,仅校订会校本无白话今译
诗藏,苏六娘,戏曲剧本,明,13,否,无,仅明本潮戏无现代译注
诗藏,茯苓仙传奇,戏曲剧本,清,6,否,无,仅原文电子版无今译
诗藏,荆釵记,戏曲剧本,元,11,否,无,仅明刊本无白话今译
诗藏,金花女,戏曲剧本,明,8,否,无,仅潮剧原本无现代译注
诗藏,雷峰塔,戏曲剧本,清,12,否,无,仅原文重排本无白话今译
诗藏,鹦鹉洲,戏曲剧本,清,4,否,无,未检索到戏曲今译本
集藏,燕子笺,戏曲剧本,明,2,否,无,仅上海古籍校注本非今译
史藏,博异志,文言小说,隋唐,1,否,无,仅点校本无正式今译
史藏,大业拾遗记,文言小说,隋唐,1,否,无,仅古籍库原文无今译
史藏,开河记,文言小说,隋唐,1,否,无,仅古籍库原文无今译
史藏,汉杂事秘辛,文言小说,魏晋南北朝,1,否,无,仅聚合网站无正式译注
史藏,汉武帝别国洞冥记,文言小说,魏晋南北朝,1,否,无,仅聚合网站无正式译注
史藏,河东记,文言小说,隋唐,2,否,无,未见白话译注本
史藏,绛云楼俊遇,文言小说,清,1,否,无,香艳丛书原文无今译
史藏,裴子语林,文言小说,魏晋南北朝,4,否,无,仅鲁迅周楞伽辑佚无白话译
史藏,赵后遗事,文言小说,宋,1,否,无,仅原文及聚合站无白话译注
史藏,还冤记,文言小说,魏晋南北朝,1,否,无,仅冤魂志校注无白话译
史藏,隋遗录,文言小说,隋唐,1,否,无,仅原文及聚合站无白话译注
子藏,三异笔谈,文言小说,清,2,否,无,仅原文阅读无今译
子藏,东阳夜怪录,文言小说,隋唐,1,否,无,仅知乎试译无出版译注
子藏,丽情集,文言小说,宋,1,否,无,仅辑佚原文无今译
子藏,义盗记,文言小说,明,1,否,无,未见白话译注
子藏,仙杂记,文言小说,隋唐,10,否,无,即云仙杂记仅原文
子藏,会昌解颐录,文言小说,隋唐,1,否,无,无专书白话译注
子藏,冥寥子游,文言小说,明,1,否,无,仅原文及旧汉英本
子藏,列异传,文言小说,魏晋南北朝,2,否,无,仅鲁迅辑佚原文
子藏,前定录,文言小说,隋唐,2,否,无,仅原文无今译
子藏,剧谈录,文言小说,隋唐,2,否,无,仅原文无今译
子藏,南楚新闻,文言小说,隋唐,1,否,无,仅残本原文无今译
子藏,博异记,文言小说,隋唐,1,否,无,仅个人网络译文非正式译注本
子藏,双卿笔记,文言小说,清,2,否,无,未见白话今译本
子藏,古今奇闻类纪,文言小说,明,4,否,无,仅电子版原文无今译
子藏,右台仙馆笔记,文言小说,清,12,否,无,仅网站自动译文非权威译注
子藏,同昌公主外传,文言小说,隋唐,1,否,无,仅原文无白话今译
子藏,国色天香,文言小说,明,30,否,无,仅原文无白话今译
子藏,埋忧续集,文言小说,清,3,否,无,仅原文无白话今译
子藏,埋忧集,文言小说,清,20,否,无,仅原文无白话译注本
子藏,奇闻类记,文言小说,明,4,否,无,仅原文无白话译注
子藏,妒记,文言小说,魏晋南北朝,1,否,无,仅鲁迅辑佚无白话今译
子藏,孀妹殊遇,文言小说,清,1,否,无,仅原文无白话今译
子藏,孔氏志怪,文言小说,魏晋南北朝,1,否,无,仅原文无白话译注
子藏,宋艳,文言小说,清,14,否,无,未见白话今译本
子藏,春梦录,文言小说,元,1,否,无,仅原文无白话译注
子藏,汉宫春色,文言小说,不详,1,否,无,未见现代白话译注本
子藏,汉武帝内传,文言小说,魏晋南北朝,1,否,无,未见现代白话译注本
子藏,汉武故事,文言小说,魏晋南北朝,1,否,无,仅鲁迅辑校无今译
子藏,游仙窟,文言小说,隋唐,3,否,无,仅中华书局校注本无今译
子藏,炀帝开河记,文言小说,隋唐,1,否,无,未见现代白话译注本
子藏,炀帝迷楼记,文言小说,隋唐,1,否,无,未见现代白话译注本
子藏,燕山外史,文言小说,清,2,否,无,未见现代白话译注本
子藏,红楼余梦,文言小说,清,1,否,无,未见任何今译版本
子藏,绿珠传,文言小说,宋,1,否,无,仅原文古籍无白话译注
子藏,补张灵崔莹合传,文言小说,明,1,否,无,未见专门白话今译
子藏,赵飞燕别传,文言小说,宋,1,否,无,别传本身未见专门今译
子藏,邺侯外传,文言小说,隋唐,1,否,无,仅辑佚原文未见今译
子藏,钟情丽集,文言小说,明,5,否,无,仅古籍原文，无现代白话译注
子藏,隋炀帝海山记,文言小说,宋,2,否,无,仅古籍原文，无白话译注
子藏,非烟传,文言小说,隋唐,1,否,无,仅太平广记原文，无白话译注
子藏,韦十一娘传,文言小说,明,1,否,无,仅古籍原文，无白话今译
子藏,飞燕外传,文言小说,汉,1,否,无,仅古籍原文及网站译文，无出版白话本
子藏,高力士外传,文言小说,隋唐,1,否,无,仅古籍原文，无白话译注
集藏,丽史,文言小说,明,2,否,无,仅陈益源校注非今译
集藏,刘生觅莲记,文言小说,明,4,否,无,仅见电子重印本
集藏,女聊斋志异,文言小说,清,26,否,无,未见该书专门今译本
集藏,寻芳雅集,文言小说,明,4,否,无,未见现代今译本
集藏,效颦集,文言小说,明,3,否,无,文言小说集未见今译
集藏,祁生天缘奇遇,文言小说,清,2,否,无,未见今译版本
集藏,美人书,文言小说,清,17,否,无,冷门文言小说无今译
子藏,公冶长听鸟语纲常,神话寓言,明,1,否,无,复旦藏孤本仅原文
子藏,天妃显圣录,神话寓言,清,8,否,无,仅原文无白话译注
子藏,海内十洲记,神话寓言,魏晋南北朝,1,否,无,仅聚合站非出版译注
子藏,玄中记,神话寓言,魏晋南北朝,1,否,无,仅有辑佚本无今译
子藏,艾子杂说,神话寓言,宋,1,否,无,仅网络白话无出版译注本
子藏,芙蓉镜寓言,神话寓言,清,18,否,无,仅原文古籍无白话译注
子藏,蚍蜉传,神话寓言,清,1,否,无,未见专门白话今译
道藏,三洞群仙录,神话寓言,宋,17,否,无,未见白话译注本
道藏,体玄真人显异录,神话寓言,宋,1,否,无,未检索到白话译注本
道藏,十洲记,神话寓言,汉,1,否,无,仅内容站翻译无可信译注本
道藏,华盖山浮丘主郭三真君事实,神话寓言,宋,4,否,无,仅道藏原文无白话译注
道藏,吕祖志,神话寓言,明,8,否,无,仅见道藏原文，无今译
道藏,桓真人升仙记,神话寓言,元,1,否,无,仅见道藏原文，无今译
道藏,洪恩灵济真君事实,神话寓言,明,1,否,无,仅见道藏原文，无今译
道藏,混元圣记,神话寓言,宋,7,否,无,未见该书今译
道藏,灵山太平兴国官采访真君事实,神话寓言,宋,5,否,无,冷门碑传，无今译
道藏,玄天上帝启圣录,神话寓言,元,4,否,无,仅见道藏原文，无今译
道藏,玄天上帝启圣灵异录,神话寓言,元,1,否,无,仅见ctext原文，无今译
道藏,玄风庆会录,神话寓言,元,1,否,无,仅见原文，无白话今译
道藏,疑仙传,神话寓言,宋,1,否,无,仅见原文，无白话今译
道藏,神仙感遇传,神话寓言,隋唐,3,否,无,仅见原文，无白话今译
道藏,纯阳帝君神化妙通纪,神话寓言,元,4,否,无,仅见道藏原文，无今译
道藏,翊圣保德传,神话寓言,宋,1,否,无,仅见道藏原文，无今译
道藏,西山群仙会真记,神话寓言,隋唐,2,否,无,仅见原文，无白话今译
道藏,西山许真君八十五化录,神话寓言,宋,7,否,无,仅见道藏原文，无今译
道藏,赣州圣济庙灵迹碑,神话寓言,宋,1,否,无,仅见道藏原文，无今译
道藏,道教灵验记,神话寓言,隋唐,4,否,无,仅见原文，无白话今译
道藏,道迹灵仙记,神话寓言,魏晋南北朝,1,否,无,仅见道藏原文，无今译
集藏,民间宝卷花名宝卷,神话寓言,清,3,否,无,民间宝卷未见白话今译
集藏,雷峰宝卷,神话寓言,清,19,否,无,未检得整理译注出版信息
道藏,北游记,章回小说,明,3,否,无,明白话小说未见现代今译本
道藏,南游记,章回小说,明,2,否,无,明白话小说未见现代今译本
道藏,紫金光耀大仙修真演义,章回小说,明,2,否,无,仅见原文，无今译
道藏,西游录注,章回小说,清,3,否,无,未见该书白话今译
集藏,一层楼,章回小说,清,14,否,无,原为白话小说，无文言今译
集藏,一枕奇,章回小说,清,6,否,无,未见白话今译或整理本
集藏,七剑十三侠,章回小说,清,23,否,无,清白话小说，仅校点本无今译
集藏,七十二朝人物演义,章回小说,明,40,否,无,明白话小说，无今译
集藏,七真因果传,章回小说,清,9,否,无,清白话小说，已是白话
集藏,万花楼,章回小说,清,14,否,无,清白话小说，仅原文无今译
集藏,三侠剑,章回小说,清,136,否,无,未见现代今译本
集藏,三宝太监西洋记,章回小说,明,64,否,无,仅校点本未见今译
集藏,三春梦,章回小说,清,19,否,无,未见现代今译本
集藏,三续金瓶梅,章回小说,清,12,否,无,未见现代今译本
集藏,上古秘史,章回小说,民国,71,否,无,未见现代今译本
集藏,世无匹,章回小说,清,8,否,无,未见现代今译本
集藏,东度记,章回小说,明,26,否,无,未见现代今译本
集藏,东汉演义,章回小说,清,7,否,无,评书整理本非文言今译
集藏,东汉秘史,章回小说,明,50,否,无,未见现代今译本
集藏,东西晋演义,章回小说,明,35,否,无,仅校点本未见今译
集藏,东西汉演义,章回小说,明,17,否,无,仅整理本未见今译
集藏,两交婚小传,章回小说,清,9,否,无,未见现代今译本
集藏,两晋秘史,章回小说,明,18,否,无,未见现代今译本
集藏,两汉开国中兴传志,章回小说,明,9,否,无,未见现代今译本
集藏,九云记,章回小说,清,21,否,无,白话才子佳人无今译
集藏,九命奇冤,章回小说,清,6,否,无,晚清白话无今译本
集藏,九尾狐,章回小说,清,30,否,无,晚清白话整理本无今译
集藏,九尾龟,章回小说,清,52,否,无,晚清白话无今译本
集藏,乾隆休妻,章回小说,清,3,否,无,未见现代今译本
集藏,乾隆游江南,章回小说,清,17,否,无,未见现代今译本
集藏,争春园,章回小说,清,5,否,无,清白话长篇无今译
集藏,二度梅全传,章回小说,清,13,否,无,白话才子佳人无今译
集藏,于公案,章回小说,清,19,否,无,评书整理本未见今译
集藏,于少保萃忠全传,章回小说,明,7,否,无,未见现代今译本
集藏,云南野乘,章回小说,民国,1,否,无,未见现代今译本
集藏,五代秘史,章回小说,明,24,否,无,残唐五代史演义无今译
集藏,五美缘,章回小说,清,11,否,无,清白话才子佳人无今译
集藏,五虎平南,章回小说,清,8,否,无,清白话章回无今译
集藏,五虎征西,章回小说,清,33,否,无,清白话章回无今译
集藏,京华碧血录,章回小说,清,1,否,无,林纾作未见今译本
集藏,人海潮,章回小说,民国,16,否,无,民国白话无今译本
集藏,仇史,章回小说,清,1,否,无,未见现代今译本
集藏,仙侠五花剑,章回小说,清,4,否,无,仅点校本未见今译
集藏,仙卜奇缘,章回小说,清,13,否,无,未见现代今译本
集藏,何典,章回小说,清,7,否,无,白话吴语仅校注本
集藏,侠义英雄传,章回小说,清,22,否,无,民国白话武侠无今译
集藏,儿女英雄传续儿女英雄传,章回小说,清,111,否,无,续书仅校点本无今译
集藏,八仙得道,章回小说,民国,16,否,无,仅见原著重印及有声书无今译
集藏,八美图,章回小说,清,21,否,无,仅见才子佳人丛书重印
集藏,八贤传,章回小说,清,6,否,无,仅见简体电子重印本
集藏,六月霜,章回小说,清,3,否,无,仅见1958年原文排印本
集藏,兰闺恨,章回小说,清,4,否,无,骈体小说未见今译
集藏,再生缘,章回小说,清,164,否,无,弹词整理本未见白话今译
集藏,冷眼观,章回小说,清,12,否,无,仅见简体重印本
集藏,凤凰池,章回小说,清,10,否,无,仅见简体电子重印本
集藏,刘公案,章回小说,清,10,否,无,仅见鼓词整理重印本
集藏,刘墉传奇,章回小说,清,23,否,无,2021文史社整理本非今译
集藏,前后七国志,章回小说,清,10,否,无,仅见原文重印本
集藏,前明正德白牡丹,章回小说,清,13,否,无,未见今译版本
集藏,剑侠奇中奇全传,章回小说,清,9,否,无,2021整理本非今译
集藏,剖心记,章回小说,清,1,否,无,吴趼人短篇仅网络重印
集藏,医界镜,章回小说,清,7,否,无,仅见电子重印本
集藏,十尾龟,章回小说,清,5,否,无,仅见珍稀本重印
集藏,升仙传,章回小说,清,12,否,无,未见今译版本
集藏,南北史演义,章回小说,民国,22,否,无,蔡东藩原即白话无需今译
集藏,南朝金粉录,章回小说,清,8,否,无,仅1994原文排印本
集藏,历代兴衰演义,章回小说,清,47,否,无,仅见原文重印本
集藏,双凤奇缘,章回小说,清,15,否,无,未见今译版本
集藏,双和欢,章回小说,清,12,否,无,未见相关出版
集藏,双龙传,章回小说,清,2,否,无,刘公案整理本非今译
集藏,反唐演义全传,章回小说,清,10,否,无,仅1995原文排印本
集藏,发财秘诀,章回小说,清,4,否,无,吴趼人短篇仅网络重印
集藏,古戍寒笳记,章回小说,清,7,否,无,未见今译版本
集藏,台战演义,章回小说,清,4,否,无,未见相关出版
集藏,合锦回文传,章回小说,清,15,否,无,仅校注本非今译
集藏,同治嫖院,章回小说,清,3,否,无,仅见简体电子重印本
集藏,后三国石珠演义,章回小说,清,12,否,无,仅见电子重印本
集藏,后宋慈云走国全传,章回小说,清,9,否,无,白话原著仅见重印本
集藏,后官场现形记,章回小说,清,2,否,无,未见今译版本
集藏,后水浒传,章回小说,清,11,否,无,仅1981整理本非今译
集藏,后红楼梦,章回小说,清,17,否,无,仅见原文重印本
集藏,后西游记,章回小说,清,20,否,无,白话原著仅见重印本
集藏,听月楼,章回小说,清,4,否,无,仅见珍稀本影印重印
集藏,吴三桂演义,章回小说,清,11,否,无,未见今译版本
集藏,吴江雪,章回小说,清,6,否,无,未见今译版本
集藏,周朝秘史,章回小说,明,34,否,无,仅见原文重印本
集藏,呼家将,章回小说,清,27,否,无,仅见青少版评书改编本
集藏,唐三藏西游厄释传,章回小说,明,10,否,无,2006整理校点本非今译
集藏,唐书志传,章回小说,明,15,否,无,仅见原文重印本
集藏,唐代宫廷艳史,章回小说,民国,32,否,无,许啸天原即白话无需今译
集藏,唐朝开国演义,章回小说,清,133,否,无,说唐原文仅见排印本
集藏,唐末藩镇演义,章回小说,民国,1,否,无,未见现代今译本
集藏,唐祝文周四杰传,章回小说,民国,26,否,无,民国白话原著无需今译
集藏,唐钟馗全传,章回小说,明,4,否,无,仅古本影印未见今译
集藏,商界现形记,章回小说,清,4,否,无,未见现代今译本
集藏,善恶图全传,章回小说,清,10,否,无,仅影印排印本无今译
集藏,四游记,章回小说,明,12,否,无,未见现代今译本
集藏,回天绮谈,章回小说,清,4,否,无,未见现代今译本
集藏,夏商野史,章回小说,清,33,否,无,未见现代今译本
集藏,大八义,章回小说,清,15,否,无,评书整理本非今译
集藏,大宋中兴通俗演义岳王传,章回小说,明,22,否,无,白话本归属不明确
集藏,大明奇侠传,章回小说,清,13,否,无,未见现代今译本
集藏,大明正德游江南,章回小说,清,4,否,无,未见现代今译本
集藏,大汉三合明珠宝剑全传,章回小说,清,15,否,无,未见今译或校注本
集藏,大马扁,章回小说,清,3,否,无,清末白话原著无今译
集藏,天女散花,章回小说,民国,4,否,无,未见现代今译本
集藏,天妃娘妈传,章回小说,明,5,否,无,仅点校本无今译
集藏,天豹图,章回小说,清,3,否,无,未见今译或校注本
集藏,女仙外史,章回小说,清,38,否,无,未见现代今译本
集藏,女娲石,章回小说,清,5,否,无,未见现代今译本
集藏,女开科传,章回小说,清,6,否,无,未见现代今译本
集藏,女界鬼域记,章回小说,清,3,否,无,未见现代今译本
集藏,好逑传,章回小说,清,8,否,无,仅有外文译本无今译
集藏,如此京华,章回小说,民国,14,否,无,民国白话原著无需今译
集藏,妆钿铲传,章回小说,清,4,否,无,仅影印排印本无今译
集藏,妖狐艳史,章回小说,清,3,否,无,未见现代今译本
集藏,姑妄言,章回小说,清,34,否,无,仅校注点校本无今译
集藏,婆罗岸全传,章回小说,清,7,否,无,未见现代今译本
集藏,媚史,章回小说,清,7,否,无,未见现代今译本
集藏,孝感天,章回小说,清,3,否,无,未见现代今译本
集藏,孤山再梦,章回小说,清,12,否,无,未见现代今译本
集藏,孽海花,章回小说,清,6,否,无,清末白话谴责小说无今译
集藏,守宫砂,章回小说,清,21,否,无,未见该古籍今译本
集藏,宋公明排九宫八卦阵,章回小说,明,16,否,无,元明杂剧无今译
集藏,宋太祖三下南唐,章回小说,清,9,否,无,未见现代今译本
集藏,定情人,章回小说,清,8,否,无,仅古籍在线无今译
集藏,定鼎奇闻,章回小说,清,13,否,无,未见今译或校注本
集藏,宛如约,章回小说,清,6,否,无,未见今译或校注本
集藏,宦海升沉录,章回小说,清,8,否,无,清末白话原著无今译
集藏,宦海钟,章回小说,清,15,否,无,未见现代今译本
集藏,富翁醒世录,章回小说,清,8,否,无,未见今译或校注本
集藏,小五义,章回小说,清,32,否,无,仅古典文库本无今译
集藏,小五虎演义,章回小说,清,57,否,无,评书整理本非今译
集藏,小八义,章回小说,清,98,否,无,仅古典文库本无今译
集藏,山水情,章回小说,清,10,否,无,仅古本影印无今译
集藏,岭南逸史,章回小说,清,14,否,无,未见现代今译本
集藏,巧冤家,章回小说,清,9,否,无,未见现代今译本
集藏,巧联珠,章回小说,清,10,否,无,未见现代今译本
集藏,市声,章回小说,清,4,否,无,未见现代今译本
集藏,常言道,章回小说,清,6,否,无,未见今译或校注本
集藏,平山冷燕,章回小说,清,11,否,无,仅原文电子版未见今译
集藏,平金川,章回小说,清,9,否,无,仅维基文库原文未见今译
集藏,幻中游,章回小说,清,6,否,无,仅原文电子版未见今译
集藏,康熙侠义传,章回小说,清,146,否,无,仅原文校点本未见今译
集藏,廿载繁华梦,章回小说,清,8,否,无,仅原文电子版未见今译
集藏,开辟演义,章回小说,明,8,否,无,仅原文电子版未见今译
集藏,引凤萧,章回小说,清,12,否,无,冷门才子佳人小说未见今译
集藏,张文祥刺马案,章回小说,清,7,否,无,民国白话原著非今译
集藏,归莲梦,章回小说,清,7,否,无,仅维基文库原文未见今译
集藏,彭公案,章回小说,清,50,否,无,仅原文校点本未见今译
集藏,快士传,章回小说,清,13,否,无,未检索到今译版本
集藏,快心编传奇三集,章回小说,清,9,否,无,未检索到今译版本
集藏,快心编传奇二集,章回小说,清,7,否,无,未检索到今译版本
集藏,快心编传奇初集,章回小说,清,6,否,无,未检索到今译版本
集藏,恨海,章回小说,清,7,否,无,仅原文校点本未见今译
集藏,情变,章回小说,清,6,否,无,清末白话原著非今译
集藏,情梦柝,章回小说,清,4,否,无,仅维基文库原文未见今译
集藏,情楼迷史霞笺记,章回小说,明,4,否,无,未检索到相关今译
集藏,戏蛾记,章回小说,清,2,否,无,仅原文电子版未见今译
集藏,扫迷帚,章回小说,清,5,否,无,清末白话原著非今译
集藏,扫魅敦伦东度记,章回小说,明,40,否,无,仅原文电子版未见今译
集藏,文明小史,章回小说,清,11,否,无,仅校注本非今译
集藏,斩鬼传,章回小说,清,5,否,无,仅原文电子版未见今译
集藏,断鸿零雁记,章回小说,民国,6,否,无,仅原文电子版未见今译
集藏,斯文变相,章回小说,清,3,否,无,清末白话原著非今译
集藏,新世鸿勋,章回小说,清,9,否,无,未检索到今译版本
集藏,新水浒,章回小说,清,6,否,无,晚清白话原著非今译
集藏,新石头记,章回小说,清,10,否,无,清末白话原著非今译
集藏,新纪元,章回小说,清,4,否,无,仅原文电子版未见今译
集藏,新茶花,章回小说,清,5,否,无,清末白话原著非今译
集藏,新西游记,章回小说,清,3,否,无,清末白话原著非今译
集藏,新镌绣像麴头陀济颠全传,章回小说,明,16,否,无,白话原著非今译
集藏,施公案,章回小说,清,60,否,无,仅校点本非今译
集藏,无耻奴,章回小说,清,8,否,无,未检索到今译版本
集藏,明代宫闱史,章回小说,民国,45,否,无,民国白话原著非今译
集藏,明月台,章回小说,清,3,否,无,仅维基文库原文未见今译
集藏,明珠缘,章回小说,明,108,否,无,白话原著非今译
集藏,春秋列国志传,章回小说,明,62,否,无,仅原文电子版未见今译
集藏,春秋配,章回小说,清,3,否,无,戏曲剧目未见今译
集藏,春阿氏谋夫案,章回小说,清,5,否,无,清末白话原著非今译
集藏,昭君艳史演义,章回小说,清,5,否,无,民国白话原著非今译
集藏,最近官场秘密史,章回小说,清,9,否,无,仅原文电子版未见今译
集藏,木兰奇女传,章回小说,清,8,否,无,清白话原著非今译
集藏,杀子报,章回小说,清,5,否,无,清白话原著非今译
集藏,李公案,章回小说,清,8,否,无,清末原文未见今译
集藏,杨乃武与小白菜,章回小说,清,8,否,无,仅原文电子版未见今译
集藏,杨家将传,章回小说,明,11,否,无,未检索到该书今译
集藏,杨家府世代忠勇通俗演义,章回小说,明,11,否,无,仅提及白话版无确证
集藏,枕上晨钟,章回小说,清,4,否,无,仅古本小说集成影印排印本无今译
集藏,林公案,章回小说,清,11,否,无,仅电子排印本未见今译
集藏,林兰香,章回小说,民国,12,否,无,仅中华书局徐明点校本非今译
集藏,林黛玉笔记,章回小说,民国,4,否,无,仅据民国本标点未见今译
集藏,柳非烟,章回小说,民国,2,否,无,仅维基文库电子本无今译
集藏,桃花女阴阳斗传,章回小说,清,6,否,无,仅影印及电子本无今译
集藏,案中冤案,章回小说,清,5,否,无,仅公版电子排印未见今译
集藏,梁山五虎大劫牢,章回小说,清,9,否,无,冷门书未见整理今译本
集藏,梁武帝演义,章回小说,清,39,否,无,仅评书电子本未见今译
集藏,梅兰佳话,章回小说,清,13,否,无,仅点校电子本非今译
集藏,梦中缘,章回小说,清,4,否,无,仅影印及电子本非今译
集藏,梼杌萃编,章回小说,清,11,否,无,仅百花文艺校点本非今译
集藏,梼杌闲评,章回小说,明,53,否,无,仅人文齐鲁等校点本非今译
集藏,樵史演义,章回小说,清,14,否,无,仅影印电子本未见今译
集藏,歇浦潮,章回小说,民国,56,否,无,仅点校电子本非今译
集藏,武则天四大奇案,章回小说,清,12,否,无,仅石印及点校本非今译
集藏,武则天外史,章回小说,清,4,否,无,仅石印电子本无今译
集藏,歧路灯,章回小说,清,41,否,无,栾星校注本系点校非今译
集藏,残唐五代史演义传,章回小说,明,14,否,无,仅中州古籍校注本非今译
集藏,残水浒,章回小说,民国,3,否,无,仅黑龙江重印本非今译
集藏,水浒古本,章回小说,明,21,否,无,梅氏藏本仅点校非今译
集藏,水浒后传,章回小说,清,10,否,无,仅上海古籍排印本非今译
集藏,水浒新传,章回小说,民国,16,否,无,仅典藏文库点校本非今译
集藏,水石缘,章回小说,清,8,否,无,仅电子本未见整理今译
集藏,永庆升平前传,章回小说,清,17,否,无,仅宝文堂等点校本非今译
集藏,永庆升平后传,章回小说,清,12,否,无,仅宝文堂等点校本非今译
集藏,汉代宫廷艳史,章回小说,民国,49,否,无,仅电子本未见整理今译
集藏,江湖奇侠传,章回小说,民国,28,否,无,仅典藏文库点校本非今译
集藏,泪珠缘,章回小说,清,10,否,无,仅艺雅校点电子本非今译
集藏,洪秀全演义,章回小说,清,11,否,无,仅人文社王俊年点校本非今译
集藏,活地狱,章回小说,清,7,否,无,仅上海古籍校订本非今译
集藏,济颠大师醉菩提全传,章回小说,明,15,否,无,仅花城标点本非今译
集藏,浓情快史,章回小说,清,11,否,无,仅思无邪汇宝校点本非今译
集藏,海上尘天影,章回小说,清,33,否,无,仅影印排印本非今译
集藏,海上花魅影,章回小说,民国,7,否,无,未见整理今译本
集藏,海上魂,章回小说,清,10,否,无,冷门书未见整理今译本
集藏,海公大小红袍全传,章回小说,清,27,否,无,仅华夏出版社校点本非今译
集藏,海国春秋,章回小说,清,23,否,无,仅影印电子本未见今译
集藏,海外扶余,章回小说,清,11,否,无,仅维基文库电子本无今译
集藏,海游记,章回小说,清,10,否,无,仅辽沈书社排印本非今译
集藏,海角遗编,章回小说,清,11,否,无,仅维基文库电子本无今译
集藏,混唐后传,章回小说,清,6,否,无,未见整理今译本
集藏,清代圣人陆稼书演义,章回小说,清,6,否,无,仅电子本未见整理今译
集藏,清代宫廷艳史,章回小说,民国,26,否,无,仅上海古籍点校本非今译
集藏,清宫十三朝演义,章回小说,民国,53,否,无,仅上海古籍点校本非今译
集藏,清朝三百年艳史演义,章回小说,民国,26,否,无,仅上海古籍点校本非今译
集藏,清朝秘史,章回小说,民国,207,否,无,仅见原文电子书无今译
集藏,热血痕,章回小说,清,9,否,无,仅古典小说丛书排印本
集藏,熙朝快史,章回小说,清,5,否,无,仅维基文库原文
集藏,狄青演义,章回小说,清,17,否,无,仅原文片段未见全译
集藏,狐狸缘全传,章回小说,清,5,否,无,仅排印本无今译
集藏,玉佛缘,章回小说,清,1,否,无,未见今译版本
集藏,玉楼春,章回小说,清,5,否,无,仅简繁排印本无今译
集藏,玉燕姻缘全传,章回小说,清,31,否,无,仅维基文库原文
集藏,瑶华传,章回小说,清,15,否,无,未见今译版本
集藏,瓜分惨祸预言记,章回小说,清,3,否,无,未见今译版本
集藏,生花梦,章回小说,清,5,否,无,未见今译版本
集藏,画图缘,章回小说,清,7,否,无,仅简体排印本无今译
集藏,留东外史,章回小说,民国,39,否,无,民国白话原作无今译
集藏,留东外史续集,章回小说,民国,69,否,无,民国白话原作无今译
集藏,痛史,章回小说,清,10,否,无,仅校注本非今译
集藏,痴人福,章回小说,清,5,否,无,未见今译版本
集藏,白圭志,章回小说,清,11,否,无,未见今译版本
集藏,百花野史,章回小说,清,2,否,无,未见今译版本
集藏,皇清秘史,章回小说,民国,49,否,无,仅原文电子书无今译
集藏,皇黎一统志,章回小说,清,2,否,无,越南汉文小说无今译
集藏,瞎骗奇闻,章回小说,清,2,否,无,仅原文未见今译
集藏,禅真后史,章回小说,明,22,否,无,仅简体排印本无今译
集藏,禅真逸史,章回小说,明,22,否,无,未见今译版本
集藏,禽海石,章回小说,清,2,否,无,仅电子排印本无今译
集藏,秦王逸史,章回小说,清,41,否,无,仅排印本无今译
集藏,立宪万岁,章回小说,清,5,否,无,仅维基文库原文
集藏,章台柳,章回小说,清,3,否,无,未见今译版本
集藏,笏山记,章回小说,清,5,否,无,仅简繁排印本无今译
集藏,笔梨园,章回小说,清,4,否,无,未见今译版本
集藏,第一奇女,章回小说,清,59,否,无,仅原文未见今译
集藏,简本水浒传水浒忠义志传,章回小说,明,50,否,无,仅校注本非今译
集藏,粉妆楼全传,章回小说,清,18,否,无,仅排印本无今译
集藏,红楼圆梦,章回小说,清,22,否,无,未见今译版本
集藏,红楼复梦,章回小说,清,53,否,无,仅简体排印本无今译
集藏,红楼幻梦,章回小说,清,17,否,无,未见今译版本
集藏,红楼春梦,章回小说,清,65,否,无,清白话续书仅原文本无今译
集藏,红楼梦影,章回小说,清,8,否,无,红楼续书仅原文本无今译
集藏,红楼梦补,章回小说,清,20,否,无,红楼续书仅原文本无今译
集藏,红风传,章回小说,清,4,否,无,冷门小说未见今译
集藏,终须梦,章回小说,清,11,否,无,冷门才子佳人小说无今译
集藏,绘芳录红闺春梦,章回小说,清,36,否,无,冷门世情小说无今译
集藏,绣云阁,章回小说,清,40,否,无,冷门奇幻小说无今译
集藏,绣像红灯记,章回小说,清,5,否,无,冷门小说未见今译
集藏,绣球缘,章回小说,清,7,否,无,冷门才子佳人小说无今译
集藏,绣鞋记,章回小说,清,7,否,无,冷门讽刺小说无今译
集藏,续三国演义,章回小说,清,34,否,无,仅校点本无今译
集藏,续侠义传,章回小说,清,8,否,无,仅原文本无今译
集藏,续小五义,章回小说,清,7,否,无,仅古典文库本无今译
集藏,续水浒传,章回小说,清,8,否,无,仅原文本无今译
集藏,续济公传,章回小说,清,49,否,无,白话章回原文无专门今译
集藏,续红楼梦,章回小说,清,26,否,无,红楼续书仅原文本无今译
集藏,续红楼梦新编,章回小说,清,15,否,无,红楼续书仅原文本无今译
集藏,续红楼梦未竟稿二十回,章回小说,清,14,否,无,冷门红楼续书无今译
集藏,续英烈传,章回小说,清,4,否,无,仅校注本无白话今译
集藏,续西游记,章回小说,明,35,否,无,仅校点本无今译
集藏,续金瓶梅,章回小说,清,63,否,无,仅原文整理本无今译
集藏,续镜花缘,章回小说,清,7,否,无,冷门续书无今译
集藏,绮楼重梦,章回小说,清,16,否,无,红楼续书无今译
集藏,绿牡丹,章回小说,清,12,否,无,白话侠义原文无专门今译
集藏,绿野仙踪,章回小说,清,41,否,无,白话章回原文无专门今译
集藏,罂粟花,章回小说,清,7,否,无,冷门小说未见今译
集藏,老残游记,章回小说,清,6,否,无,白话章回原文仅校注无今译
集藏,老残游记续集,章回小说,清,4,否,无,仅原文本无今译
集藏,聚仙亭,章回小说,清,4,否,无,冷门小说未见今译
集藏,胡涂世界,章回小说,清,6,否,无,晚清白话小说无今译
集藏,胡雪岩外传,章回小说,清,5,否,无,民国白话小说无今译
集藏,脂砚斋全评石头记,章回小说,清,29,否,无,脂评本系古评非现代今译
集藏,花月痕,章回小说,清,28,否,无,文人白话原文无专门今译
集藏,苗宫夜合花,章回小说,清,3,否,无,冷门小说未见今译
集藏,英云梦三生姻缘,章回小说,清,9,否,无,冷门小说无今译
集藏,英烈传,章回小说,明,11,否,无,仅原文本无白话今译
集藏,英雄泪,章回小说,清,7,否,无,冷门小说未见今译
集藏,草木春秋演义,章回小说,清,15,否,无,白话药名小说无专门今译
集藏,荡寇志,章回小说,清,22,否,无,白话章回原文无专门今译
集藏,萨真人得道咒枣记,章回小说,明,2,否,无,冷门神魔小说无今译
集藏,蕉叶帕,章回小说,清,3,否,无,冷门小说未见今译
集藏,薛丁山征西,章回小说,清,12,否,无,白话章回原文无专门今译
集藏,薛仁贵征东,章回小说,清,11,否,无,搜索仅见原文及评书未见今译
集藏,薛刚反唐,章回小说,清,10,否,无,仅普及本未见今译
集藏,蜃楼外史,章回小说,清,8,否,无,未检索到今译本
集藏,蜃楼志,章回小说,清,14,否,无,仅古典文库本无今译
集藏,蜗触蛮三国争地记,章回小说,清,2,否,无,冷门讽刺小说无今译
集藏,蜜蜂计,章回小说,清,3,否,无,未检索到今译本
集藏,蝴蝶缘,章回小说,清,12,否,无,未检索到该书今译
集藏,蟫史,章回小说,清,23,否,无,文言难读未见今译
集藏,补红楼梦,章回小说,清,12,否,无,仅红楼梦本身有白话
集藏,西太后艳史演义,章回小说,民国,18,否,无,仅再版排印无今译
集藏,西施艳史演义,章回小说,民国,5,否,无,仅简体排印无今译
集藏,西游记传,章回小说,明,6,否,无,缩写本仅校点无今译
集藏,西游记百回详注,章回小说,明,18,否,无,刘一明清代详注非今译
集藏,西游记补,章回小说,明,30,否,无,仅中华书局注释本非今译
集藏,观音菩萨传奇,章回小说,清,27,否,无,原已白话未见今译
集藏,警世阴阳梦,章回小说,明,9,否,无,仅影印排印无今译
集藏,警富新书,章回小说,清,13,否,无,未检索到今译本
集藏,说呼全传,章回小说,清,9,否,无,仅古典文库本无今译
集藏,说唐,章回小说,清,10,否,无,原已白话未见今译
集藏,说唐三传,章回小说,清,16,否,无,原已白话未见今译
集藏,说唐后传,章回小说,清,15,否,无,原已白话未见今译
集藏,说岳全传,章回小说,清,29,否,无,仅普及注本无今译
集藏,貂蝉艳史演义,章回小说,民国,5,否,无,仅维基文库无今译
集藏,负曝闲谈,章回小说,清,8,否,无,仅徐一士校点无今译
集藏,贵妃艳史演义,章回小说,民国,5,否,无,未检索到今译本
集藏,赛红丝,章回小说,清,15,否,无,未检索到该书今译
集藏,走马春秋,章回小说,清,7,否,无,未检索到今译本
集藏,赵太祖三下南唐,章回小说,清,7,否,无,未检索到今译本
集藏,跻云楼,章回小说,清,8,否,无,未检索到今译本
集藏,轰天雷,章回小说,清,5,否,无,仅丛钞排印无今译
集藏,载阳堂意外缘,章回小说,清,4,否,无,仅石印本无今译
集藏,辽海丹忠录,章回小说,明,9,否,无,仅原文电子版无今译
集藏,近世社会龌龊史,章回小说,清,6,否,无,未检索到今译本
集藏,返生香,章回小说,清,3,否,无,未检索到今译本
集藏,邻女语,章回小说,清,8,否,无,仅原文电子版无今译
集藏,醒世姻缘传,章回小说,清,41,否,无,仅夏海晏校注非今译
集藏,醒名花,章回小说,清,8,否,无,未检索到今译本
集藏,醒风流,章回小说,清,11,否,无,未检索到今译本
集藏,野叟曝言,章回小说,清,33,否,无,仅校点本无今译
集藏,金台全传,章回小说,清,12,否,无,仅排印本无今译
集藏,金圣叹批评本水浒传,章回小说,明,29,否,无,仅校注评点本非今译
集藏,金屋梦,章回小说,清,22,否,无,续金瓶梅未见今译
集藏,金瓶梅词话万历本,章回小说,明,72,否,无,仅白维国校注非今译
集藏,金石缘,章回小说,清,4,否,无,仅存清刊本及在线本，未见白话今译
集藏,金莲仙史,章回小说,清,16,否,无,清白话原著，未见今译本
集藏,金谷怀春,章回小说,清,12,否,无,文言小说，仅维基文库原文
集藏,金钟传正明集,章回小说,清,16,否,无,未检得任何今译或校注信息
集藏,金陵秋,章回小说,民国,6,否,无,林纾近代小说，仅原文在线本
集藏,铁冠图,章回小说,清,6,否,无,仅公版影印及在线本，无白话译注
集藏,铁树记,章回小说,明,5,否,无,明白话原著，仅古本影印
集藏,铁花仙史,章回小说,清,4,否,无,才子佳人小说，未见今译本
集藏,银瓶梅,章回小说,清,8,否,无,清侠义小说，仅古刊本
集藏,锋剑春秋,章回小说,清,14,否,无,清白话原著，未见今译本
集藏,锦香亭,章回小说,清,8,否,无,仅在线原文聚合站，无出版今译
集藏,锲唐代吕纯阳得道飞剑记,章回小说,明,4,否,无,明白话原著，仅在线原文
集藏,阴阳显报水鬼升城隍全传鬼神传,章回小说,清,3,否,无,仅在线原文及电子书，无白话译注
集藏,隋代宫闱史,章回小说,清,24,否,无,仅简繁体原文电子版，无今译
集藏,隋史遗文,章回小说,明,26,否,无,仅点校本，未见白话今译
集藏,隋唐野史,章回小说,清,22,否,无,未检得今译，混同隋唐演义
集藏,隋炀帝艳史,章回小说,明,21,否,无,仅影印及普及文库点校本
集藏,雅观楼,章回小说,清,3,否,无,多指京剧剧目，小说无今译
集藏,雪月梅,章回小说,清,9,否,无,清白话原著，未见今译本
集藏,雪鸿泪史,章回小说,清,35,否,无,民国日记体小说，无今译
集藏,雷峰塔奇传,章回小说,清,4,否,无,仅影印及点校本，无白话今译
集藏,青城山隐者记,章回小说,清,1,否,无,效颦集文言短篇，仅在线原文
集藏,青楼梦,章回小说,清,30,否,无,晚清白话原著，未见今译本
集藏,青红帮演义,章回小说,民国,7,否,无,民国白话小说，未见今译本
集藏,青龙传,章回小说,清,2,否,无,清白话原著，未见今译本
集藏,韩湘子全传,章回小说,明,14,否,无,仅在线原文聚合站，无出版今译
集藏,风月梦,章回小说,清,5,否,无,清狭邪小说，未见今译本
集藏,风月鉴,章回小说,清,5,否,无,仅影印及排印本，无白话今译
集藏,飞剑记,章回小说,明,4,否,无,明白话原著，仅在线原文
集藏,飞花咏,章回小说,清,10,否,无,清白话原著，未见今译本
集藏,飞跎全传,章回小说,清,5,否,无,清白话原著，仅电子版
集藏,飞龙全传,章回小说,清,28,否,无,仅校点本，未见白话今译
集藏,驻春园小史,章回小说,清,5,否,无,清白话原著，仅电子版
集藏,鬼神传,章回小说,清,3,否,无,仅在线原文及电子书，无白话译注
集藏,鬼谷四友志,章回小说,清,4,否,无,清白话原著，未见今译本
集藏,魏忠贤小说斥奸书,章回小说,明,8,否,无,未见校点白话译注本
集藏,魏阉全传,章回小说,明,33,否,无,仅禁毁小说丛书排印，无白话今译
集藏,麟儿报,章回小说,清,10,否,无,才子佳人小说，未见今译本
集藏,麹头陀传,章回小说,清,8,否,无,济颠题材，未见专门今译本
集藏,黄绣球,章回小说,清,10,否,无,晚清白话女性小说，未见今译
集藏,黄金世界,章回小说,清,7,否,无,未检得今译或校注信息
集藏,黑籍冤魂,章回小说,清,6,否,无,清末鸦片题材小说，无今译
集藏,鼓掌绝尘,章回小说,明,23,否,无,明白话小说集，未见今译本
集藏,龙凤再生缘,章回小说,清,25,否,无,弹词改编小说，未见白话今译
儒藏,今世说,笔记小说,清,6,否,无,仅原典数据库无出版今译
史藏,丁晋公谈录,笔记小说,宋,1,否,无,仅有原典无今译
史藏,万历野获编,笔记小说,明,86,否,无,仅点校本无白话译注
史藏,三冈识略,笔记小说,清,31,否,无,仅有原典无今译
史藏,三垣笔记,笔记小说,清,7,否,无,仅有点校本无今译
史藏,世载堂杂忆,笔记小说,民国,17,否,无,近代白话原作有点校本
史藏,东南纪闻,笔记小说,宋,1,否,无,仅有原典无今译
史藏,东原录,笔记小说,宋,4,否,无,仅有原典无今译
史藏,东坡乌台诗案,笔记小说,宋,2,否,无,仅有原典无今译
史藏,东斋记事,笔记小说,宋,4,否,无,仅有点校本无今译
史藏,东明闻见录,笔记小说,清,7,否,无,仅有原典无今译
史藏,东观奏记,笔记小说,隋唐,2,否,无,仅有点校本无今译
史藏,东谷所见,笔记小说,宋,2,否,无,仅有原典无今译
史藏,东轩笔录,笔记小说,宋,6,否,无,仅点校本无白话译注
史藏,两湖麈谈录,笔记小说,清,1,否,无,仅有原典无今译
史藏,中朝故事,笔记小说,五代,1,否,无,仅有原典无今译
史藏,乐郊私语,笔记小说,元,1,否,无,仅有原典无今译
史藏,乙酉笔记,笔记小说,清,3,否,无,仅有原典无今译
史藏,书湖州庄氏史狱,笔记小说,清,1,否,无,仅有原典无今译
史藏,书鲍忠壮公轶事,笔记小说,清,1,否,无,仅有原典无今译
史藏,二老堂杂志,笔记小说,宋,3,否,无,仅有原典无今译
史藏,云杜故事,笔记小说,清,1,否,无,仅有原典无今译
史藏,云蕉馆纪谈,笔记小说,明,1,否,无,仅有原典无今译
史藏,云麓漫钞,笔记小说,宋,13,否,无,仅点校本无白话译注
史藏,五代史补,笔记小说,宋,6,否,无,仅点校本无白话译注
史藏,五代史阙文,笔记小说,宋,1,否,无,仅有原典无今译
史藏,五代新说,笔记小说,隋唐,2,否,无,未见正式今译本
史藏,京尘杂录,笔记小说,清,2,否,无,仅点校本无今译
史藏,今言,笔记小说,明,11,否,无,中华书局仅点校本
史藏,余冬序录,笔记小说,明,6,否,无,仅古籍原文无今译
史藏,停骖录摘抄,笔记小说,明,2,否,无,仅古籍原文无今译
史藏,养吉斋丛录,笔记小说,清,12,否,无,仅点校本无今译
史藏,凤凰台记事,笔记小说,明,1,否,无,未见今译本
史藏,凤城琐录,笔记小说,明,2,否,无,仅古籍原文无今译
史藏,凤洲杂编,笔记小说,明,11,否,无,仅丛书集成本无今译
史藏,前闻记,笔记小说,明,4,否,无,仅古籍原文无今译
史藏,北东园笔录,笔记小说,清,23,否,无,仅古籍原文无今译
史藏,北梦录,笔记小说,清,5,否,无,未见今译本
史藏,北梦琐言,笔记小说,五代,5,否,无,中华书局仅点校本
史藏,北狩行录,笔记小说,宋,1,否,无,仅古籍原文无今译
史藏,北狩见闻录,笔记小说,宋,1,否,无,仅古籍原文无今译
史藏,北轩笔记,笔记小说,明,1,否,无,仅四库本无今译
史藏,北里志,笔记小说,隋唐,1,否,无,仅古籍原文无今译
史藏,医闾漫记,笔记小说,明,1,否,无,仅古籍原文无今译
史藏,卓异记,笔记小说,隋唐,2,否,无,仅古籍原文无今译
史藏,南北朝杂记,笔记小说,宋,2,否,无,仅古籍原文无今译
史藏,南唐近事,笔记小说,宋,1,否,无,仅古籍原文无今译
史藏,南村辍耕录,笔记小说,元,16,否,无,中华书局仅点校本
史藏,南游记旧,笔记小说,清,1,否,无,未见今译本
史藏,南窗纪谈,笔记小说,宋,1,否,无,仅古籍原文无今译
史藏,南翁梦录,笔记小说,元,2,否,无,仅校点本无今译
史藏,南越笔记,笔记小说,清,18,否,无,仅古籍原文无今译
史藏,南部新书,笔记小说,宋,9,否,无,中华书局仅点校本
史藏,双溪杂记,笔记小说,明,1,否,无,仅古籍原文无今译
史藏,古穰杂录摘抄,笔记小说,明,2,否,无,仅古籍原文无今译
史藏,台海见闻录,笔记小说,清,9,否,无,仅古籍原文无今译
史藏,台阳笔记,笔记小说,清,6,否,无,仅有校释本无今译
史藏,台阳见闻录,笔记小说,清,24,否,无,仅古籍原文无今译
史藏,名人轶事,笔记小说,民国,4,否,无,未见正式今译本
史藏,后渠杂识,笔记小说,明,1,否,无,仅古籍原文无今译
史藏,吕氏杂记,笔记小说,宋,2,否,无,仅四库辑本无今译
史藏,听雨丛谈,笔记小说,清,33,否,无,仅古籍原文无今译
史藏,咫尺偶闻,笔记小说,清,6,否,无,未见今译本
史藏,咸同将相琐闻,笔记小说,清,1,否,无,仅古籍原文无今译
史藏,咸淳遗事,笔记小说,元,2,否,无,仅维基文库原文
史藏,唐阙史,笔记小说,隋唐,2,否,无,仅古籍原文无今译
史藏,啁啾漫记,笔记小说,清,1,否,无,仅古籍库原文无今译
史藏,啸亭杂录,笔记小说,清,18,否,无,仅点校本与网络译文
史藏,啸亭续录,笔记小说,清,8,否,无,仅古籍库原文无今译
史藏,四朝闻见录,笔记小说,宋,3,否,无,仅中华书局点校本
史藏,园笔乘,笔记小说,明,2,否,无,仅点校本无白话今译
史藏,国老谈苑,笔记小说,宋,1,否,无,仅四库原文无今译
史藏,国闻备乘,笔记小说,民国,5,否,无,仅标点本无白话今译
史藏,圆明园总管世家,笔记小说,民国,1,否,无,未见今译本
史藏,塞外杂识,笔记小说,清,1,否,无,仅古籍库原文无今译
史藏,墨客挥犀,笔记小说,宋,3,否,无,仅古籍库原文无今译
史藏,多铎妃刘氏外传,笔记小说,清,1,否,无,仅古籍库原文无今译
史藏,大唐传载,笔记小说,隋唐,2,否,无,仅古籍库原文无今译
史藏,天咫偶闻,笔记小说,清,11,否,无,仅北京古籍点校本
史藏,天禄阁外史,笔记小说,明,6,否,无,仅网络原文无今译本
史藏,守溪笔记,笔记小说,明,3,否,无,仅古籍库原文无今译
史藏,安乐康平室随笔,笔记小说,民国,5,否,无,仅古籍库原文无今译
史藏,安禄山事迹,笔记小说,隋唐,5,否,无,仅古籍原文无白话今译
史藏,宋人轶事汇编,笔记小说,民国,98,否,无,仅中华书局标点本
史藏,定命录,笔记小说,隋唐,1,否,无,未见今译本
史藏,宦游偶记,笔记小说,清,2,否,无,仅维基文库原文
史藏,家世旧闻,笔记小说,宋,2,否,无,仅古籍库原文无今译本
史藏,宾退录,笔记小说,宋,3,否,无,仅上海古籍标点本
史藏,寓圃杂记,笔记小说,明,8,否,无,仅中华书局点校本
史藏,封氏闻见记,笔记小说,隋唐,3,否,无,仅中华书局校注本
史藏,居易录,笔记小说,清,2,否,无,仅古籍库原文无今译
史藏,居易续谈,笔记小说,清,1,否,无,未见今译本
史藏,山居新话,笔记小说,元,2,否,无,仅古籍库原文无今译
史藏,山左笔谈,笔记小说,清,1,否,无,未见今译本
史藏,岁华忆语,笔记小说,清,2,否,无,仅南京文献丛刊点校本
史藏,广卓异记,笔记小说,宋,16,否,无,仅古籍库原文无今译
史藏,广阳杂记,笔记小说,清,20,否,无,仅点校本无白话今译
史藏,庄岳委谈,笔记小说,明,3,否,无,仅古籍库原文无今译
史藏,庐陵官下记,笔记小说,宋,1,否,无,仅古籍库原文无今译
史藏,庚申君遗事,笔记小说,民国,1,否,无,仅古籍库原文无今译
史藏,庭闻录,笔记小说,清,7,否,无,仅丛书影印本无今译
史藏,庸盦笔记,笔记小说,清,25,否,无,仅古籍库原文无今译
史藏,开元天宝遗事,笔记小说,五代,5,否,无,仅网络译文无出版今译
史藏,开天传信记,笔记小说,隋唐,1,否,无,仅上海古籍排印本
史藏,张文襄幕府纪闻,笔记小说,民国,2,否,无,仅古籍库原文无今译
史藏,弢园笔乘,笔记小说,清,1,否,无,仅古籍库原文无今译
史藏,归庐谭往录,笔记小说,清,1,否,无,未见今译本
史藏,归潜志,笔记小说,辽金,6,否,无,仅中华书局点校本
史藏,归田录,笔记小说,宋,3,否,无,仅网络译文无出版今译
史藏,彭文宪公笔记,笔记小说,明,1,否,无,仅网络原文无出版今译
史藏,徐襄阳西园杂记,笔记小说,明,3,否,无,未见今译本
史藏,戴东原先生轶事,笔记小说,清,1,否,无,仅古籍库原文无今译
史藏,所闻录,笔记小说,五代,1,否,无,仅古籍库原文无今译
史藏,扈从东巡日录,笔记小说,清,3,否,无,仅原文及网站无正式译注
史藏,扈从西巡日录,笔记小说,清,2,否,无,仅原文版本无白话译注
史藏,拳变馀闻,笔记小说,清,2,否,无,仅维基文库原文无今译
史藏,挥麈录,笔记小说,宋,12,否,无,仅古籍库原文无今译
史藏,损斋备忘录,笔记小说,明,4,否,无,仅原文版本无白话译注
史藏,文昌杂录,笔记小说,宋,7,否,无,仅排印本无白话译注
史藏,斯未信斋杂录,笔记小说,清,9,否,无,仅原文资料库无今译
史藏,日闻录,笔记小说,元,1,否,无,仅古籍库原文无今译
史藏,旧京琐记,笔记小说,民国,6,否,无,仅原文及网站无正式译注
史藏,旧京遗事,笔记小说,明,1,否,无,仅古籍库原文无今译
史藏,明皇杂录,笔记小说,隋唐,2,否,无,仅原文及网站无正式译注
史藏,明道杂志,笔记小说,宋,2,否,无,仅电子原文无白话译注
史藏,春明梦录,笔记小说,民国,3,否,无,仅原文无白话译注
史藏,春明退朝录,笔记小说,宋,2,否,无,仅点校本无白话今译
史藏,昨梦录,笔记小说,宋,1,否,无,仅校点及网站无正式译注
史藏,曲洧旧闻,笔记小说,宋,4,否,无,仅校点本无白话今译
史藏,月河所闻集,笔记小说,宋,2,否,无,仅四库原文无白话译注
史藏,朝野佥言,笔记小说,宋,1,否,无,仅原文资料库无今译
史藏,朝野佥载,笔记小说,隋唐,11,否,无,仅聚合网站无正式译注
史藏,朝野新谭,笔记小说,明,23,否,无,仅电子原文无白话译注
史藏,朝野遗记,笔记小说,宋,1,否,无,仅古籍库原文无今译
史藏,松亭行纪,笔记小说,清,3,否,无,仅原文版本无白话译注
史藏,松漠纪闻,笔记小说,宋,2,否,无,仅原文版本无白话译注
史藏,松窗杂录,笔记小说,隋唐,1,否,无,仅聚合网站无正式译注
史藏,松窗梦语,笔记小说,明,4,否,无,仅原文无白话译注本
史藏,枣林杂俎,笔记小说,清,59,否,无,仅原文版本无白话译注
史藏,栖霞阁野乘,笔记小说,清,5,否,无,仅原文无白话译注
史藏,梁溪漫志,笔记小说,宋,4,否,无,仅原文及选篇无正式译注
史藏,榆巢杂识,笔记小说,清,15,否,无,仅中华点校本无白话今译
史藏,檐曝杂记,笔记小说,清,7,否,无,仅校点本无白话今译
史藏,檐醉杂记,笔记小说,清,3,否,无,仅原文无白话译注
史藏,次柳氏旧闻,笔记小说,隋唐,1,否,无,仅辑录点校无正式今译
史藏,步里客谈,笔记小说,宋,2,否,无,仅四库原文无白话译注
史藏,水东日记,笔记小说,明,55,否,无,仅中华点校本无白话今译
史藏,水窗春呓,笔记小说,清,4,否,无,未见白话译注本
史藏,江南闻见录,笔记小说,明,1,否,无,仅古籍库原文无今译
史藏,池北偶谈,笔记小说,清,44,否,无,仅靳斯仁点校无白话今译
史藏,沪游梦影,笔记小说,清,1,否,无,仅标点本无白话译注
史藏,治世余闻,笔记小说,明,3,否,无,仅校勘本无白话今译
史藏,洛阳缙绅旧闻记,笔记小说,宋,1,否,无,仅原文无白话译注本
史藏,涑水记闻,笔记小说,宋,8,否,无,仅点校本无白话今译
史藏,清代之竹头木屑,笔记小说,清,3,否,无,仅原文版本无白话译注
史藏,清代名人轶事,笔记小说,清,12,否,无,仅原文及简体本无今译
史藏,清代野记,笔记小说,清,5,否,无,仅古籍原文电子版无今译
史藏,清波杂志,笔记小说,宋,8,否,无,仅中华书局校注本非白话译
史藏,清稗琐缀,笔记小说,清,1,否,无,未见今译本
史藏,渠丘耳梦录,笔记小说,清,3,否,无,仅原文无今译
史藏,湘山野录,笔记小说,宋,1,否,无,仅原文及聚合站无译注本
史藏,濯缨亭笔记,笔记小说,明,4,否,无,仅原文无白话译注
史藏,熙朝乐事,笔记小说,明,1,否,无,未见今译本
史藏,熙朝新语,笔记小说,清,20,否,无,仅校注本非白话译
史藏,独醒杂志,笔记小说,宋,6,否,无,仅原文无白话全译本
史藏,玉堂荟记,笔记小说,明,7,否,无,仅校点本无今译
史藏,玉照新志,笔记小说,宋,4,否,无,仅原文无今译本
史藏,玉镜新谭,笔记小说,明,10,否,无,仅原文无白话译注
史藏,王文恪公笔记,笔记小说,明,3,否,无,仅原文无今译
史藏,王文正公笔录,笔记小说,宋,1,否,无,唐宋史料笔记点校非译
史藏,王文正公遗事,笔记小说,宋,2,否,无,唐宋史料笔记点校非译
史藏,珍席放谈,笔记小说,宋,1,否,无,仅原文及聚合站无译注本
史藏,甲申杂记,笔记小说,宋,1,否,无,仅原文无白话译注
史藏,畜德录,笔记小说,明,1,否,无,仅维基文库原文无今译
史藏,病逸漫记,笔记小说,明,2,否,无,仅原文无译注本
史藏,癸辛杂识,笔记小说,宋,11,否,无,中华书局点校本非白话译
史藏,百可漫志,笔记小说,明,1,否,无,仅原文无今译本
史藏,皇明典故纪闻,笔记小说,明,27,否,无,仅原文无白话译注
史藏,皇明奇事述,笔记小说,明,6,否,无,仅原文无译注本
史藏,皇明盛事述,笔记小说,明,7,否,无,仅原文无译注本
史藏,瞑庵二识,笔记小说,清,2,否,无,仅点校本非白话译
史藏,瞑庵杂识,笔记小说,清,2,否,无,仅杨坚点校本非译
史藏,石林燕语,笔记小说,宋,5,否,无,唐宋史料笔记点校非译
史藏,研堂见闻杂记,笔记小说,清,2,否,无,仅原文无白话译注
史藏,砚北杂志,笔记小说,元,5,否,无,仅原文电子版无今译
史藏,碧里杂存,笔记小说,明,2,否,无,仅原文无白话译注
史藏,立斋闲录,笔记小说,明,10,否,无,仅原文无白话译注
史藏,竹叶亭杂记,笔记小说,清,12,否,无,仅原文无白话全译本
史藏,粤游见闻,笔记小说,清,3,否,无,仅维基文库原文无今译
史藏,继世纪闻,笔记小说,明,2,否,无,仅维基文库原文无今译
史藏,翰苑遗事,笔记小说,宋,1,否,无,仅原文无白话译注
史藏,耆旧续闻,笔记小说,宋,2,否,无,仅丛书原文无今译本
史藏,至正直记,笔记小说,元,13,否,无,仅校笺本非白话译
史藏,舟车闻见录,笔记小说,清,1,否,无,未见今译本
史藏,花当阁丛谈,笔记小说,明,16,否,无,未见今译本
史藏,花随人圣盦摭忆,笔记小说,民国,2,否,无,中华书局校注本非白话译
史藏,苹野纂闻,笔记小说,明,1,否,无,仅原文无白话译注
史藏,荷牐丛谈,笔记小说,清,9,否,无,仅原文无白话译注
史藏,菽园杂记,笔记小说,明,11,否,无,仅原文及聚合站无译注本
史藏,萍洲可谈,笔记小说,宋,3,否,无,仅原文及点校本无白话译
史藏,葆光录,笔记小说,五代,2,否,无,未见今译本
史藏,蓬轩类记,笔记小说,明,4,否,无,未见今译本
史藏,蕉廊脞录,笔记小说,清,12,否,无,仅原文无白话译注
史藏,蕉窗雨话,笔记小说,清,1,否,无,仅原文无今译本
史藏,蕉轩续录,笔记小说,清,4,否,无,仅中华书局点校本非译
史藏,蕉轩随录,笔记小说,清,15,否,无,仅中华书局点校本非译
史藏,藤阴杂记,笔记小说,清,12,否,无,仅原文及点校本无白话译
史藏,蜀都杂抄,笔记小说,明,1,否,无,仅维基文库原文无白话译注
史藏,行素斋杂记,笔记小说,清,8,否,无,仅国学导航原文无译注
史藏,行营杂录,笔记小说,宋,1,否,无,未见现代白话译注本
史藏,西使记,笔记小说,元,1,否,无,仅原文四库本无白话译注
史藏,西塘集耆旧续闻,笔记小说,宋,6,否,无,仅中华书局点校本无白话译
史藏,西子湖拾翠余谈,笔记小说,清,2,否,无,未见现代白话译注本
史藏,西村十记,笔记小说,明,1,否,无,仅原文及节选练习无全译注
史藏,西清笔记,笔记小说,清,2,否,无,仅丛书集成原文无白话译
史藏,见闻杂记,笔记小说,明,38,否,无,仅点校本原文无白话译注
史藏,见闻琐录,笔记小说,清,12,否,无,仅原文电子版无白话译注
史藏,见闻纪训,笔记小说,明,1,否,无,仅原文无白话译注
史藏,觚不觚录,笔记小说,明,1,否,无,仅丛书集成原文无白话译
史藏,觚剩及续编,笔记小说,清,8,否,无,仅上海古籍点校本无白话译
史藏,解酲语,笔记小说,明,1,否,无,仅ctext原文无白话译注
史藏,謇斋琐缀录,笔记小说,明,4,否,无,仅原文电子版无白话译注
史藏,识小录,笔记小说,明,35,否,无,徐树丕原书仅原文无白话译
史藏,诚斋挥麈录,笔记小说,宋,1,否,无,仅ctext原文无白话译注
史藏,豫章漫抄,笔记小说,明,3,否,无,仅原文电子版无白话译注
史藏,辽阳闻见录,笔记小说,清,1,否,无,仅辽海丛书原文无白话译
史藏,过庭录,笔记小说,宋,3,否,无,仅节选译文无全本译注
史藏,过眼录,笔记小说,清,9,否,无,未见现代白话译注本
史藏,近代名人轶事录,笔记小说,民国,3,否,无,仅原文电子版无白话译注
史藏,道山清话,笔记小说,宋,2,否,无,仅原文电子版无白话译注
史藏,遵闻录,笔记小说,明,1,否,无,仅原文无白话译注
史藏,邵氏闻见前录,笔记小说,宋,3,否,无,仅点校本原文无白话译注
史藏,邵氏闻见后录,笔记小说,宋,6,否,无,仅点校本原文无白话译注
史藏,邵氏闻见录,笔记小说,宋,8,否,无,仅点校本原文无白话译注
史藏,郎潜纪闻三笔,笔记小说,清,9,否,无,仅中华书局点校本无白话译
史藏,郎潜纪闻二笔,笔记小说,清,14,否,无,仅中华书局点校本无白话译
史藏,郎潜纪闻初笔,笔记小说,清,15,否,无,仅中华书局点校本无白话译
史藏,野记,笔记小说,明,9,否,无,仅原文电子版无白话译注
史藏,金台纪闻,笔记小说,明,1,否,无,仅丛书集成原文无白话译
史藏,金陵琐事,笔记小说,明,22,否,无,仅点校本原文无白话译注
史藏,鉴诫录,笔记小说,五代,3,否,无,仅原文及聚合站无白话译注
史藏,钱氏私志,笔记小说,宋,1,否,无,仅原文电子版无白话译注
史藏,闻见近录,笔记小说,宋,1,否,无,仅原文电子版无白话译注
史藏,阅世编,笔记小说,清,7,否,无,仅上海古籍中华点校本无白话译
史藏,阳秋剩笔,笔记小说,明,1,否,无,仅ctext原文无白话译注
史藏,陶庐杂录,笔记小说,清,8,否,无,仅中华书局点校本无白话译
史藏,隋唐嘉话,笔记小说,隋唐,6,否,无,仅点校本原文无白话译注
史藏,随手杂录,笔记小说,宋,1,否,无,仅原文电子版无白话译注
史藏,随隐漫录,笔记小说,宋,3,否,无,仅原文电子版无白话译注
史藏,震泽纪闻,笔记小说,明,1,否,无,仅原文电子版无白话译注
史藏,靖康缃素杂记,笔记小说,宋,5,否,无,仅上海古籍点校本无白话译
史藏,风倒梧桐记,笔记小说,明,2,否,无,仅原文电子版无白话译注
史藏,馥芬居日记,笔记小说,清,2,否,无,仅原文电子版无白话译注
史藏,骖鸾录,笔记小说,宋,2,否,无,仅原文电子版无白话译注
史藏,鲲瀛日记,笔记小说,清,3,否,无,仅原文未见今译
史藏,麈史,笔记小说,宋,9,否,无,仅点校原文无白话
史藏,默记,笔记小说,宋,3,否,无,仅中华书局点校本
子藏,丁香花,笔记小说,清,1,否,无,冷门笔记未见今译
子藏,万柳溪边旧话,笔记小说,元,1,否,无,仅原文无白话译本
子藏,东山杂记,笔记小说,清,5,否,无,未检索到今译
子藏,事实类苑,笔记小说,宋,43,否,无,仅上海古籍点校本
子藏,二酉委谭摘录,笔记小说,明,1,否,无,仅原文无今译
子藏,二酉缀遗,笔记小说,明,3,否,无,仅原文无今译
子藏,云仙杂记,笔记小说,隋唐,10,否,无,仅中华书局校注非白话
子藏,五总志,笔记小说,宋,2,否,无,仅原文无今译
子藏,仇池笔记,笔记小说,宋,8,否,无,仅原文无出版今译
子藏,优语录,笔记小说,宋,1,否,无,未检索到今译
子藏,何氏语林,笔记小说,明,30,否,无,仅陈洪校注非白话
子藏,俗说,笔记小说,魏晋南北朝,1,否,无,仅原文无今译
子藏,先进遗风,笔记小说,明,3,否,无,仅原文无今译
子藏,养疴漫笔,笔记小说,宋,1,否,无,仅原文无白话
子藏,分甘余话,笔记小说,清,6,否,无,仅原文无今译
子藏,分门古今类事,笔记小说,宋,54,否,无,仅原文无今译
子藏,刘宾客嘉话录,笔记小说,隋唐,4,否,无,仅中华书局校注本
子藏,制府杂录,笔记小说,清,1,否,无,仅原文无今译
子藏,剪胜野闻,笔记小说,明,1,否,无,仅原文无今译
子藏,勤有堂随录,笔记小说,元,1,否,无,仅原文无今译
子藏,北窗炙輠录,笔记小说,宋,4,否,无,仅原文无今译
子藏,十叶野闻,笔记小说,清,5,否,无,仅中华书局点校本
子藏,半村野人闲谈,笔记小说,明,2,否,无,仅原文无今译
子藏,南园漫录,笔记小说,明,6,否,无,仅校注本非白话
子藏,南窗漫记引,笔记小说,明,1,否,无,未检索到今译
子藏,南窗记谈,笔记小说,宋,1,否,无,仅维基文库原文
子藏,却扫编,笔记小说,宋,3,否,无,仅原文点校无白话今译
子藏,历代崇道记,笔记小说,隋唐,1,否,无,仅古籍数据库原文无今译
子藏,原李耳载,笔记小说,明,4,否,无,仅原文电子化无白话译注
子藏,县笥琐探摘抄,笔记小说,明,2,否,无,未见任何白话今译本
子藏,友会谈丛,笔记小说,宋,1,否,无,仅原文无现代白话译注
子藏,双槐岁钞,笔记小说,明,7,否,无,中华书局仅点校本非白话译
子藏,古今说海,笔记小说,明,59,否,无,仅原文无现代白话全译
子藏,古夫于亭杂录,笔记小说,清,8,否,无,中华书局点校注释本非白话译
子藏,古杭杂记,笔记小说,元,1,否,无,未见白话今译本
子藏,只麈谭,笔记小说,明,2,否,无,仅原文无白话译注
子藏,后山谈丛,笔记小说,宋,13,否,无,中华书局仅点校本非白话译
子藏,君子堂日询手镜,笔记小说,明,1,否,无,仅论坛个人译文非正式本
子藏,启颜录,笔记小说,隋唐,2,否,无,有笺注本但无白话全译
子藏,吴中故语,笔记小说,明,1,否,无,仅原文无白话译注
子藏,吴乘窃笔,笔记小说,明,2,否,无,仅原文无白话今译
子藏,唐国史补,笔记小说,隋唐,5,否,无,有校注本无权威白话全译
子藏,唐新语,笔记小说,隋唐,6,否,无,未见白话今译本
子藏,唐语林,笔记小说,宋,12,否,无,中华书局校证本非白话今译
子藏,嘉祐杂志,笔记小说,宋,8,否,无,仅原文无白话译注
子藏,四友斋丛说,笔记小说,明,26,否,无,仅点校本无白话今译
子藏,因话录,笔记小说,隋唐,2,否,无,仅原文无权威白话译注
子藏,在园杂志,笔记小说,清,11,否,无,中华书局点校本非白话译
子藏,坚瓠集,笔记小说,清,213,否,无,仅原文无现代白话全译
子藏,埋愁室丛话,笔记小说,清,1,否,无,未见任何白话今译本
子藏,墨庄漫录,笔记小说,宋,5,否,无,中华书局点校本非白话译
子藏,大唐新语,笔记小说,隋唐,10,否,无,仅网络白话本无权威出版译注
子藏,天史,笔记小说,明,9,否,无,仅原文无白话今译
子藏,孙公谈圃,笔记小说,宋,2,否,无,仅原文无白话今译
子藏,宋稗类钞,笔记小说,清,23,否,无,仅点校本无白话今译
子藏,宜斋野乘,笔记小说,宋,2,否,无,仅原文无白话译注
子藏,客座偶谈,笔记小说,清,2,否,无,仅原文无白话今译
子藏,客座赘语,笔记小说,明,20,否,无,上海古籍点校注本非白话译
子藏,客窗闲话,笔记小说,清,15,否,无,仅原文无白话今译
子藏,客窗闲话续集,笔记小说,清,3,否,无,仅原文无白话今译
子藏,宣室志,笔记小说,隋唐,6,否,无,中华书局点校注本非白话译
子藏,寄园寄所寄,笔记小说,清,62,否,无,仅维基文库原文及网络白话页无权威译注
子藏,对山余墨,笔记小说,清,2,否,无,仅维基文库原文无白话译注
子藏,小螺庵病榻忆语,笔记小说,清,1,否,无,仅原文影印无现代译注
子藏,小豆棚,笔记小说,清,18,否,无,仅校点本无白话全译
子藏,尚书故实,笔记小说,隋唐,1,否,无,仅原文及网络白话页无权威译注
子藏,尧山堂外纪,笔记小说,明,62,否,无,仅中华书局点校本无白话译
子藏,履园丛话,笔记小说,清,45,否,无,仅笔记小说大观校点本无白话译
子藏,山公九原,笔记小说,明,1,否,无,仅原文无白话译注
子藏,山水小牍,笔记小说,隋唐,2,否,无,仅原文电子本无白话译注
子藏,岚斋集,笔记小说,隋唐,1,否,无,仅古籍库存目无白话译注
子藏,巢林笔谈,笔记小说,清,11,否,无,仅中华书局点校本无白话译
子藏,巢林笔谈续编,笔记小说,清,5,否,无,与正编同仅点校本无白话译
子藏,师友谈记,笔记小说,宋,1,否,无,仅原文无现代白话译注
子藏,幽明录,笔记小说,魏晋南北朝,3,否,无,仅原文及网络白话页无权威译注
子藏,幽闲鼓吹,笔记小说,隋唐,1,否,无,仅原文排印本无白话译注
子藏,广客谈,笔记小说,元,1,否,无,仅原文无白话译注
子藏,广异记,笔记小说,隋唐,7,否,无,仅原文电子本无白话译注
子藏,广陵妖乱志,笔记小说,隋唐,1,否,无,仅维基文库原文无白话译注
子藏,庚巳编,笔记小说,明,12,否,无,仅原文电子本无白话全译
子藏,庸闲斋笔记,笔记小说,清,9,否,无,仅原文及网络白话页无权威译注
子藏,异苑,笔记小说,魏晋南北朝,5,否,无,仅校点原文无权威白话译注
子藏,异辞录,笔记小说,清,8,否,无,仅清代史料笔记丛刊点校本
子藏,异闻总录,笔记小说,宋,2,否,无,仅原文无白话全译
子藏,异闻杂录,笔记小说,清,3,否,无,仅原文无白话译注
子藏,异闻记,笔记小说,魏晋南北朝,1,否,无,辑佚残文仅原文无白话译注
子藏,张太史明道杂志,笔记小说,宋,1,否,无,仅原文无白话译注
子藏,张氏可书,笔记小说,宋,1,否,无,仅丛书原文无白话译注
子藏,归田琐记,笔记小说,清,14,否,无,仅清代史料笔记丛刊点校本
子藏,录异传,笔记小说,魏晋南北朝,1,否,无,辑佚残文仅原文无白话译注
子藏,御制广寒殿记,笔记小说,明,1,否,无,仅原文无白话译注
子藏,御制纪梦 ,笔记小说,明,1,否,无,仅文言原文无白话译注
子藏,志怪,笔记小说,魏晋南北朝,1,否,无,祖冲之志怪辑佚无白话译注
子藏,志怪录,笔记小说,魏晋南北朝,3,否,无,仅原文无白话译注
子藏,快园道古,笔记小说,明,9,否,无,仅浙江古籍点校本无白话译
子藏,思无邪小记,笔记小说,清,6,否,无,未见白话译注信息
子藏,悔逸斋笔乘,笔记小说,清,3,否,无,仅原文电子本无白话译注
子藏,情史,笔记小说,明,74,否,无,仅中华书局校注本无白话全译
子藏,戎幕闲谈,笔记小说,隋唐,1,否,无,残本仅原文无白话译注
子藏,戒庵老人漫笔,笔记小说,明,26,否,无,仅中华书局点校本无白话译
子藏,投辖录,笔记小说,宋,3,否,无,仅校点本无白话译注
子藏,括异志,笔记小说,宋,4,否,无,仅校点本无白话译注
子藏,搜神秘览,笔记小说,宋,4,否,无,仅原文电子本无白话译注
子藏,搜神记句道兴本,笔记小说,隋唐,1,否,无,敦煌写本残卷无白话译注
子藏,故宫漫载,笔记小说,民国,1,否,无,未见白话译注信息
子藏,教坊记,笔记小说,隋唐,1,否,无,仅笺订及网络白话页无白话译注
子藏,断袖篇,笔记小说,明,2,否,无,仅原文及网络白话页无权威译注
子藏,方洲杂言,笔记小说,明,1,否,无,仅文言原文无白话译注
子藏,明语林,笔记小说,清,11,否,无,仅原文电子本无白话译注
子藏,春冰室野乘,笔记小说,清,8,否,无,仅原文整理本无白话译注
子藏,春渚纪闻,笔记小说,宋,5,否,无,仅中华书局点校本无白话译
子藏,机警,笔记小说,明,1,否,无,仅原文电子本无白话译注
子藏,杌近志,笔记小说,明,2,否,无,未见现代白话译注本
子藏,杨文公谈苑,笔记小说,宋,19,否,无,未见现代白话译注本
子藏,板桥杂记,笔记小说,清,3,否,无,未见全注全译本
子藏,枫窗小牍,笔记小说,宋,1,否,无,未见现代白话译注本
子藏,桂苑丛谈,笔记小说,隋唐,1,否,无,未见现代白话译注本
子藏,桯史,笔记小说,宋,3,否,无,仅有点校本无今译
子藏,梼杌近志,笔记小说,明,2,否,无,未见现代白话译注本
子藏,江淮异人录,笔记小说,宋,2,否,无,仅聚合站非出版译注
子藏,江邻幾杂志,笔记小说,宋,8,否,无,仅有校点本无今译
子藏,泊宅编,笔记小说,宋,5,否,无,未见现代白话译注本
子藏,泾林续记,笔记小说,明,1,否,无,未见现代白话译注本
子藏,洛阳搢绅旧闻记,笔记小说,宋,2,否,无,仅有校注本无今译
子藏,洞冥记,笔记小说,魏晋南北朝,2,否,无,未见现代白话译注本
子藏,浪迹三谈,笔记小说,清,8,否,无,仅有校点本无今译
子藏,浪迹丛谈,笔记小说,清,12,否,无,仅有校点本无今译
子藏,浪迹续谈,笔记小说,清,9,否,无,仅有校点本无今译
子藏,海陬冶游录,笔记小说,清,2,否,无,未见现代白话译注本
子藏,涉异志,笔记小说,宋,2,否,无,仅网友译文非出版本
子藏,涌幢小品,笔记小说,明,56,否,无,仅有校点本无今译
子藏,清异录,笔记小说,宋,29,否,无,未见全注全译本
子藏,渑水燕谈录,笔记小说,宋,5,否,无,仅有点校本无今译
子藏,渔樵闲话录,笔记小说,宋,1,否,无,未见现代白话译注本
子藏,温公琐语,笔记小说,宋,1,否,无,未见现代白话译注本
子藏,游宦纪闻,笔记小说,宋,3,否,无,仅有点校本无今译
子藏,湖山叙游,笔记小说,清,1,否,无,未见现代白话译注本
子藏,湘烟小录,笔记小说,清,8,否,无,未见现代白话译注本
子藏,溪山余话,笔记小说,明,1,否,无,未见现代白话译注本
子藏,漱华随笔,笔记小说,清,3,否,无,未见现代白话译注本
子藏,潮嘉风月,笔记小说,清,1,否,无,未见现代白话译注本
子藏,灵鬼志,笔记小说,魏晋南北朝,1,否,无,未见现代白话译注本
子藏,燕台花事录,笔记小说,清,1,否,无,未见现代白话译注本
子藏,燕子春秋,笔记小说,清,3,否,无,未见现代白话译注本
子藏,燕闲录,笔记小说,明,1,否,无,未见现代白话译注本
子藏,物犹如此,笔记小说,清,18,否,无,仅在线阅读无出版今译
子藏,独异志,笔记小说,隋唐,5,否,无,未见现代白话译注本
子藏,玉堂丛语,笔记小说,明,11,否,无,未见现代白话译注本
子藏,玉堂嘉话,笔记小说,元,5,否,无,仅聚合站非出版译注
子藏,玉壶野史,笔记小说,宋,5,否,无,仅有点校本无今译
子藏,玉泉子,笔记小说,隋唐,1,否,无,仅聚合站非出版译注
子藏,玉芝堂谈荟,笔记小说,明,23,否,无,仅聚合站非出版译注
子藏,王文正笔录,笔记小说,宋,1,否,无,未见现代白话译注本
子藏,王氏谈录,笔记小说,宋,3,否,无,仅古籍点校无白话今译
子藏,王氏谈録,笔记小说,宋,6,否,无,同名书仅古籍点校无今译
子藏,珍珠船,笔记小说,明,9,否,无,仅全集校勘无白话译注
子藏,珠江名花小传,笔记小说,清,1,否,无,仅香艳丛书原文无今译
子藏,琅嬛记,笔记小说,元,3,否,无,仅原文古籍无白话译注
子藏,琅琊漫抄,笔记小说,明,1,否,无,仅原文电子化无今译
子藏,甄异传,笔记小说,魏晋南北朝,1,否,无,仅辑佚原文无白话译注
子藏,甘泽谣,笔记小说,隋唐,2,否,无,仅评注本无白话今译
子藏,画墁录,笔记小说,宋,3,否,无,仅原文古籍无白话译注
子藏,番禺杂记,笔记小说,宋,1,否,无,仅说郛辑本无今译
子藏,益智录,笔记小说,清,22,否,无,仅简体原文无白话译注
子藏,睽车志,笔记小说,宋,2,否,无,仅原文无权威白话译注
子藏,石屋余渖,笔记小说,民国,12,否,无,仅全集整理本无白话译
子藏,石屋续渖,笔记小说,民国,5,否,无,仅全集整理本无白话译
子藏,研北杂志,笔记小说,元,9,否,无,仅四库原文无白话译注
子藏,碧云騢,笔记小说,宋,1,否,无,仅原文古籍无白话译注
子藏,祐山杂说,笔记小说,明,2,否,无,仅丛书原文无白话译注
子藏,秦鬟楼谈录,笔记小说,清,1,否,无,仅原文无白话译注
子藏,稽神录,笔记小说,宋,10,否,无,仅原文及聚合站无今译
子藏,窥天外乘,笔记小说,明,1,否,无,仅丛书原文无白话译注
子藏,竹西花事小录,笔记小说,清,2,否,无,仅香艳丛书原文无今译
子藏,竹间十日话,笔记小说,民国,4,否,无,仅合集校点无白话译
子藏,竹间续话,笔记小说,民国,5,否,无,仅合集校点无白话译
子藏,笔梦叙,笔记小说,清,1,否,无,未见任何今译版本
子藏,笔记,笔记小说,不详,4,否,无,未见对应白话今译
子藏,笔记-明-陈继儒,笔记小说,明,6,否,无,陈继儒笔记无白话译注
子藏,筠廊二笔,笔记小说,清,2,否,无,仅上海古籍校点无白话译
子藏,筠廊偶笔,笔记小说,清,4,否,无,仅上海古籍校点无白话译
子藏,类说,笔记小说,宋,176,否,无,仅原文及四库本无今译
子藏,绀珠集,笔记小说,宋,54,否,无,仅四库原文无白话译注
子藏,续世说,笔记小说,宋,12,否,无,仅子海精华编校注无今译
子藏,续仙传,笔记小说,五代,2,否,无,仅道藏原文无白话译注
子藏,续墨客挥犀,笔记小说,宋,4,否,无,仅原文及聚合站无今译
子藏,续夷坚志,笔记小说,辽金,5,否,无,仅中华书局点校无白话译
子藏,续异记,笔记小说,魏晋南北朝,1,否,无,仅辑佚原文无白话译注
子藏,续湘山野录,笔记小说,宋,3,否,无,仅中华书局点校无白话译
子藏,续齐谐记,笔记小说,魏晋南北朝,1,否,无,仅原文及聚合站无今译
子藏,网庐漫墨,笔记小说,民国,1,否,无,仅博客摘译无出版白话本
子藏,群居解颐,笔记小说,隋唐,1,否,无,未见任何今译版本
子藏,老学庵笔记,笔记小说,宋,7,否,无,仅中华书局点校无白话译
子藏,耄余杂识,笔记小说,明,2,否,无,仅丛书原文无白话译注
子藏,耳书鲊话,笔记小说,清,5,否,无,未见对应白话今译
子藏,耳新,笔记小说,明,5,否,无,仅原文古籍无白话译注
子藏,耳目记,笔记小说,隋唐,1,否,无,仅原文无白话译注
子藏,耳谈,笔记小说,明,26,否,无,仅中州古籍校注无白话译
子藏,耳食录,笔记小说,清,18,否,无,仅原文及聚合站无今译
子藏,能改斋漫录,笔记小说,宋,29,否,无,仅原文及聚合站无今译
子藏,艳异编,笔记小说,明,67,否,无,仅原文整理无白话译注
子藏,芦浦笔记,笔记小说,宋,4,否,无,仅中华书局点校无白话译
子藏,花底拾遗,笔记小说,隋唐,1,否,无,未见任何今译版本
子藏,花烛闲谈,笔记小说,清,1,否,无,未见任何今译版本
子藏,花里活,笔记小说,清,4,否,无,未见对应白话今译
子藏,苇航纪谈,笔记小说,宋,1,否,无,仅说郛辑本无白话译注
子藏,苌楚斋三笔,笔记小说,民国,12,否,无,仅中华书局点校本无今译
子藏,苌楚斋五笔,笔记小说,民国,10,否,无,仅中华书局点校本无今译
子藏,苌楚斋四笔,笔记小说,民国,10,否,无,仅中华书局点校本无今译
子藏,苌楚斋续笔,笔记小说,民国,19,否,无,仅中华书局点校本无今译
子藏,苌楚斋随笔,笔记小说,民国,12,否,无,仅中华书局点校本无今译
子藏,苏谈,笔记小说,明,4,否,无,仅原文整理本未见今译
子藏,茅亭客话,笔记小说,宋,3,否,无,仅原文整理本未见今译
子藏,西堂日记,笔记小说,明,1,否,无,仅原文整理本未见今译
子藏,西征随笔,笔记小说,清,3,否,无,仅原文整理本未见今译
子藏,西斋话记,笔记小说,宋,2,否,无,未见专门白话今译
子藏,西湖小史,笔记小说,清,1,否,无,仅维基文库原文未见今译
子藏,西轩客谈,笔记小说,宋,1,否,无,仅国学大师原文未见今译
子藏,记事珠,笔记小说,隋唐,3,否,无,仅原文整理本未见今译
子藏,诚斋杂记,笔记小说,元,3,否,无,仅原文整理本未见今译
子藏,说郛,笔记小说,元,601,否,无,大型丛书仅影印未见今译
子藏,谈渊,笔记小说,宋,1,否,无,仅辑佚原文未见今译
子藏,谈美人,笔记小说,清,1,否,无,仅原文整理本未见今译
子藏,谈苑,笔记小说,宋,3,否,无,仅原文整理本未见今译
子藏,谈薮,笔记小说,魏晋南北朝,1,否,无,仅维基文库原文未见今译
子藏,谈辂,笔记小说,明,1,否,无,仅原文整理本未见今译
子藏,谏书稀庵笔记,笔记小说,民国,4,否,无,仅原文整理本未见今译
子藏,谐噱录,笔记小说,隋唐,2,否,无,仅辑佚原文未见今译
子藏,谷山笔麈,笔记小说,明,17,否,无,仅原文整理本未见今译
子藏,贡愚录,笔记小说,清,1,否,无,仅原文整理本未见今译
子藏,贤博编,笔记小说,明,9,否,无,仅中华书局校点本无今译
子藏,贤弈编,笔记小说,明,5,否,无,仅原文整理本未见今译
子藏,贤识录,笔记小说,明,1,否,无,仅原文整理本未见今译
子藏,贵耳集,笔记小说,宋,4,否,无,仅中华书局校点本无今译
子藏,贾氏谭录,笔记小说,宋,1,否,无,仅历代笔记校点本无今译
子藏,赏心乐事,笔记小说,宋,2,否,无,仅维基文库原文未见今译
子藏,辨疑志,笔记小说,隋唐,1,否,无,仅辑佚原文未见今译
子藏,还冤志,笔记小说,魏晋南北朝,1,否,无,未见专门白话今译
子藏,道听途说,笔记小说,清,13,否,无,仿聊斋仅原文未见今译
子藏,郡阁雅言,笔记小说,五代,1,否,无,未见专门白话今译
子藏,郴行录,笔记小说,宋,2,否,无,仅原文未见今译整理本
子藏,都公谭纂,笔记小说,明,2,否,无,仅原文整理本未见今译
子藏,醉茶志怪,笔记小说,清,9,否,无,仅齐鲁书社校点本无今译
子藏,醴泉笔录,笔记小说,宋,5,否,无,仅原文整理本未见今译
子藏,采芹录,笔记小说,明,3,否,无,仅识典古籍原文未见今译
子藏,里乘,笔记小说,清,12,否,无,仅原文整理本未见今译
子藏,野老纪闻,笔记小说,宋,1,否,无,仅见点校本及电子版，无白话今译
子藏,金华子杂编,笔记小说,五代,2,否,无,仅上海古籍点校本，无白话今译
子藏,金川妖姬志,笔记小说,清,1,否,无,仅见ctext原文，无白话译注
子藏,金璧故事,笔记小说,明,3,否,无,仅维基文库原文，无白话今译
子藏,钗小志,笔记小说,隋唐,2,否,无,未见任何白话今译版本
子藏,铁围山丛谈,笔记小说,宋,4,否,无,仅点校本及在线译文，无出版白话本
子藏,长水日抄,笔记小说,明,1,否,无,仅古籍原文，无白话今译
子藏,闲中今古录摘抄,笔记小说,明,1,否,无,仅电子古籍，无白话译注
子藏,闲居录,笔记小说,元,3,否,无,仅四库本原文，无白话今译
子藏,闲燕常谈,笔记小说,宋,1,否,无,仅丛书集成原文，无白话今译
子藏,闲窗括异志,笔记小说,宋,1,否,无,仅古籍原文，无白话译注
子藏,闻见后录,笔记小说,宋,8,否,无,仅中华书局点校本，无白话今译
子藏,闻见录,笔记小说,宋,5,否,无,仅中华书局点校本，无白话今译
子藏,陇蜀余闻,笔记小说,清,1,否,无,仅丛书原文，无白话今译
子藏,陶朱新录,笔记小说,宋,2,否,无,仅维基文库原文，无白话今译
子藏,集异记,笔记小说,隋唐,1,否,无,仅唐人小说点校本，无白话今译
子藏,雨航杂录,笔记小说,明,3,否,无,仅古籍原文，无白话今译
子藏,雪履斋笔记,笔记小说,元,3,否,无,仅四库本原文，无白话今译
子藏,霏雪录,笔记小说,明,4,否,无,仅四库本原文，无白话今译
子藏,青楼集,笔记小说,元,3,否,无,仅古籍版本，无白话今译
子藏,青溪暇笔,笔记小说,明,3,否,无,仅古籍原文，无白话译注
子藏,青眉,笔记小说,清,1,否,无,未见白话今译版本
子藏,青箱杂记,笔记小说,宋,10,否,无,仅古籍原文，无白话今译
子藏,韵石斋笔谈,笔记小说,清,3,否,无,仅四库本原文，无白话今译
子藏,顾竹侯灯窗漫录,笔记小说,清,1,否,无,仅电子古籍，无白话今译
子藏,颜乐堂记,笔记小说,明,1,否,无,未见白话今译版本
子藏,食色绅言,笔记小说,明,4,否,无,仅古籍原文，无白话今译
子藏,餐樱庑随笔,笔记小说,民国,8,否,无,仅古籍原文，无白话今译
子藏,香天谈薮,笔记小说,明,1,否,无,未见白话今译版本
子藏,香祖笔记,笔记小说,清,10,否,无,仅古籍原文，无白话今译
子藏,骨董祸,笔记小说,清,1,否,无,仅维基文库原文，无白话今译
子藏,高坡异纂,笔记小说,明,2,否,无,仅古籍原文，无白话今译
子藏,高斋漫录,笔记小说,宋,1,否,无,仅古籍原文，无白话今译
子藏,魏晋世语,笔记小说,魏晋南北朝,1,否,无,辑佚原文，无白话今译
子藏,鲊话,笔记小说,明,1,否,无,未见任何译注版本
子藏,鸡肋,笔记小说,宋,1,否,无,仅全宋笔记点校，无白话今译
子藏,鸡肋编,笔记小说,宋,4,否,无,仅中华书局点校本，无白话今译
子藏,鸳鸯牒,笔记小说,明,1,否,无,仅古籍原文，无白话译注
子藏,鹤山笔录,笔记小说,宋,1,否,无,仅古籍原文，无白话今译
子藏,鹤林玉露,笔记小说,宋,6,否,无,仅中华书局点校本，无白话今译
子藏,齐东野语,笔记小说,宋,13,否,无,仅中华书局点校本，无白话今译
子藏,齐谐记,笔记小说,魏晋南北朝,1,否,无,仅辑佚原文，无白话今译
子藏,龙会兰池录,笔记小说,明,4,否,无,仅古籍原文，无白话今译
子藏,龙兴慈记,笔记小说,明,1,否,无,仅古籍原文，无白话今译
子藏,龙城录,笔记小说,隋唐,1,否,无,仅古籍原文及网站译文，无出版白话本
子藏,龙川略志,笔记小说,宋,3,否,无,仅中华书局点校本，无白话今译
艺藏,山房随笔,笔记小说,元,1,否,无,仅四库本原文，无白话今译
诗藏,本事诗,笔记小说,隋唐,1,否,无,仅内容站翻译无可信译注本
诗藏,豹隐纪谈,笔记小说,宋,1,否,无,仅原文电子版无今译
诗藏,近代词人逸事,笔记小说,民国,1,否,无,仅原文电子版无今译
诗藏,遯斋闲览,笔记小说,宋,1,否,无,仅重排本无白话译注
道藏,坐花志果,笔记小说,清,8,否,无,仅见ctext原文，无白话今译
集藏,十二笑,笔记小说,明,6,否,无,仅见残卷电子重印本
集藏,广笑府,笔记小说,明,6,否,无,仅零星笑话翻译无系统今译
集藏,秦淮画舫录,笔记小说,清,16,否,无,仅上海古籍校点本非今译
集藏,笑典,笔记小说,历代汇编,39,否,无,未见专门今译本
集藏,笑赞,笔记小说,明,3,否,无,仅原文未见今译
集藏,解愠编,笔记小说,明,5,否,无,笑话集未见今译本
史藏,大宋宣和遗事,话本拟话本,宋,6,否,无,仅标点排印本
史藏,律条公案,话本拟话本,明,3,否,无,仅网络译文无出版今译
史藏,明镜公案,话本拟话本,明,6,否,无,明代白话原作无现代今译
史藏,醉翁谈录,话本拟话本,宋,3,否,无,仅原文及聚合站无白话译注
史藏,鼎镌国朝名公神断详刑公案,话本拟话本,明,5,否,无,仅原文阅读无今译
子藏,详刑公案,话本拟话本,明,3,否,无,未见现代今译整理本
集藏,七国春秋平话,话本拟话本,元,4,否,无,仅整理本，无白话今译
集藏,万锦情林,话本拟话本,明,39,否,无,仅见原文，无校点今译本
集藏,三国志平话,话本拟话本,元,13,否,无,仅校注本未见今译
集藏,三教偶拈,话本拟话本,明,11,否,无,冯梦龙辑未见今译
集藏,二刻醒世恒言,话本拟话本,清,9,否,无,未见现代今译本
集藏,二荷花史,话本拟话本,清,9,否,无,仅薛汕校订非今译
集藏,云仙笑,话本拟话本,清,5,否,无,未见现代今译本
集藏,五色石,话本拟话本,清,9,否,无,清白话短篇无今译
集藏,五鼠闹东京,话本拟话本,清,3,否,无,评书段落未见今译
集藏,俗话倾谈,话本拟话本,清,8,否,无,粤语白话无今译本
集藏,全相平话,话本拟话本,元,24,否,无,仅校注本未见今译
集藏,全相平话三国志至治新刊,话本拟话本,元,7,否,无,仅校注本未见今译
集藏,八洞天,话本拟话本,清,10,否,无,仅见原文及电子重印本
集藏,前汉书平话,话本拟话本,元,7,否,无,仅2018整理本非白话译
集藏,包公案,话本拟话本,明,35,否,无,白话原著未见专门今译
集藏,包公案之百家公案,话本拟话本,明,17,否,无,白话原著未见专门今译
集藏,十二楼,话本拟话本,清,21,否,无,李渔白话原著仅见校点本
集藏,双灯记,话本拟话本,清,2,否,无,未见今译版本
集藏,四巧说,话本拟话本,清,8,否,无,未见今译或校注本
集藏,大唐秦王词话,话本拟话本,明,38,否,无,未见现代今译本
集藏,天凑巧,话本拟话本,清,3,否,无,未见今译或校注本
集藏,娱目醒心编,话本拟话本,清,8,否,无,未见今译或校注本
集藏,峥霄馆评定通俗演义型世言,话本拟话本,明,32,否,无,未见现代今译本
集藏,廉明公案,话本拟话本,明,3,否,无,仅明刻原文未见今译
集藏,廿一史弹词,话本拟话本,明,32,否,无,仅张三异古注非今译
集藏,戏中戏,话本拟话本,清,3,否,无,仅原文电子版未见今译
集藏,敦煌变文选,话本拟话本,隋唐,16,否,无,仅校注选注非全文今译
集藏,新民公案,话本拟话本,明,8,否,无,明代公案原文未见今译
集藏,新编五代史平话,话本拟话本,宋,22,否,无,仅原文电子版未见今译
集藏,无声戏,话本拟话本,清,8,否,无,仅原文电子版未见今译
集藏,明刻话本四种,话本拟话本,明,3,否,无,仅原文整理本未见今译
集藏,桃花庵鼓词,话本拟话本,清,41,否,无,鼓词冷门未见今译本
集藏,武王伐纣平话 吕望兴周,话本拟话本,元,27,否,无,仅影印电子本未见今译
集藏,毛公案,话本拟话本,明,3,否,无,仅电子本未见整理今译
集藏,海公案,话本拟话本,明,40,否,无,仅电子本未见整理今译
集藏,海刚峰先生居官公案传,话本拟话本,明,9,否,无,仅电子本未见整理今译
集藏,清夜钟,话本拟话本,清,7,否,无,仅人文等校点残本非今译
集藏,清平山堂话本,话本拟话本,明,28,否,无,石昌渝校注本系点校非今译
集藏,清风闸,话本拟话本,清,9,否,无,仅见原文及在线阅读
集藏,炎凉岸,话本拟话本,清,3,否,无,未见今译版本
集藏,照世杯,话本拟话本,清,3,否,无,仅见原文未见今译
集藏,熊龙峰小说四种,话本拟话本,明,5,否,无,仅校点本无今译
集藏,珍珠舶,话本拟话本,清,12,否,无,仅影印校点本无今译
集藏,百花弹词,话本拟话本,清,1,否,无,未见今译版本
集藏,石点头,话本拟话本,明,11,否,无,未见明确今译本
集藏,秦并六国平话,话本拟话本,元,11,否,无,仅原文影印无今译
集藏,续廉明公案传,话本拟话本,明,5,否,无,仅古本无确证今译
集藏,花案奇闻,话本拟话本,清,7,否,无,冷门话本未见今译
集藏,草木传草木春秋药绘图,话本拟话本,清,1,否,无,冷门中药小说无今译
集藏,薛仁贵征辽事略,话本拟话本,元,4,否,无,仅赵万里校注本无今译
集藏,西湖二集,话本拟话本,明,19,否,无,仅古文本未见今译
集藏,警寤钟,话本拟话本,清,5,否,无,仅原文电子版无今译
集藏,训世评话,话本拟话本,明,4,否,无,仅汪维辉点校无今译
集藏,豆棚闲话,话本拟话本,清,4,否,无,仅简体本无今译
集藏,贪欣误,话本拟话本,明,7,否,无,未检索到今译本
集藏,跻春台,话本拟话本,清,57,否,无,仅钟力生校注非今译
集藏,连城璧,话本拟话本,清,15,否,无,李渔白话短篇非今译
集藏,连城璧外编,话本拟话本,清,6,否,无,李渔白话短篇非今译
集藏,郭公案,话本拟话本,明,11,否,无,原已白话未见今译
集藏,醉醒石,话本拟话本,明,8,否,无,拟话本仅古文无今译
集藏,醒梦骈言,话本拟话本,清,22,否,无,仅排印影印本无今译
集藏,锦绣衣,话本拟话本,清,4,否,无,仅齐鲁稀见小说影印，无白话译注
集藏,闪电窗,话本拟话本,清,3,否,无,未检得今译或校注信息
集藏,雨花香,话本拟话本,清,8,否,无,话本大系仅校点，无白话今译
集藏,龙图公案,话本拟话本,明,8,否,无,即包公案，仅原文本无今译
